-- MySQL dump 10.13  Distrib 5.7.20, for osx10.13 (x86_64)
--
-- Host: localhost    Database: yvondb
-- ------------------------------------------------------
-- Server version	5.7.20

/*!40101 SET @OLD_CHARACTER_SET_CLIENT=@@CHARACTER_SET_CLIENT */;
/*!40101 SET @OLD_CHARACTER_SET_RESULTS=@@CHARACTER_SET_RESULTS */;
/*!40101 SET @OLD_COLLATION_CONNECTION=@@COLLATION_CONNECTION */;
/*!40101 SET NAMES utf8 */;
/*!40103 SET @OLD_TIME_ZONE=@@TIME_ZONE */;
/*!40103 SET TIME_ZONE='+00:00' */;
/*!40014 SET @OLD_UNIQUE_CHECKS=@@UNIQUE_CHECKS, UNIQUE_CHECKS=0 */;
/*!40014 SET @OLD_FOREIGN_KEY_CHECKS=@@FOREIGN_KEY_CHECKS, FOREIGN_KEY_CHECKS=0 */;
/*!40101 SET @OLD_SQL_MODE=@@SQL_MODE, SQL_MODE='NO_AUTO_VALUE_ON_ZERO' */;
/*!40111 SET @OLD_SQL_NOTES=@@SQL_NOTES, SQL_NOTES=0 */;

--
-- Table structure for table `ar_internal_metadata`
--

DROP TABLE IF EXISTS `ar_internal_metadata`;
/*!40101 SET @saved_cs_client     = @@character_set_client */;
/*!40101 SET character_set_client = utf8 */;
CREATE TABLE `ar_internal_metadata` (
  `key` varchar(255) NOT NULL,
  `value` varchar(255) DEFAULT NULL,
  `created_at` datetime NOT NULL,
  `updated_at` datetime NOT NULL,
  PRIMARY KEY (`key`)
) ENGINE=InnoDB DEFAULT CHARSET=utf8;
/*!40101 SET character_set_client = @saved_cs_client */;

--
-- Dumping data for table `ar_internal_metadata`
--

LOCK TABLES `ar_internal_metadata` WRITE;
/*!40000 ALTER TABLE `ar_internal_metadata` DISABLE KEYS */;
INSERT INTO `ar_internal_metadata` VALUES ('environment','production','2017-12-20 21:39:01','2018-09-08 07:38:06');
/*!40000 ALTER TABLE `ar_internal_metadata` ENABLE KEYS */;
UNLOCK TABLES;

--
-- Table structure for table `dining_tables`
--

DROP TABLE IF EXISTS `dining_tables`;
/*!40101 SET @saved_cs_client     = @@character_set_client */;
/*!40101 SET character_set_client = utf8 */;
CREATE TABLE `dining_tables` (
  `id` bigint(20) NOT NULL AUTO_INCREMENT,
  `name_of` varchar(255) DEFAULT NULL,
  `capacity` int(11) DEFAULT NULL,
  `group_name` varchar(255) DEFAULT NULL,
  `active` tinyint(1) DEFAULT NULL,
  `comments` text,
  `created_at` datetime NOT NULL,
  `updated_at` datetime NOT NULL,
  `current_order_id` int(11) DEFAULT '0',
  PRIMARY KEY (`id`)
) ENGINE=InnoDB AUTO_INCREMENT=149 DEFAULT CHARSET=utf8;
/*!40101 SET character_set_client = @saved_cs_client */;

--
-- Dumping data for table `dining_tables`
--

LOCK TABLES `dining_tables` WRITE;
/*!40000 ALTER TABLE `dining_tables` DISABLE KEYS */;
INSERT INTO `dining_tables` VALUES (1,'N.1',4,NULL,NULL,NULL,'2017-12-20 22:05:22','2018-06-14 22:05:02',NULL),(2,'N.2',4,NULL,NULL,NULL,'2017-12-20 22:05:41','2018-06-13 20:22:38',NULL),(3,'N.3',4,NULL,NULL,NULL,'2017-12-20 22:05:47','2018-06-12 20:42:18',NULL),(4,'N.4',4,NULL,NULL,NULL,'2017-12-20 22:05:52','2018-05-31 19:42:58',NULL),(5,'N.5',4,NULL,NULL,NULL,'2017-12-20 22:05:57','2018-06-12 20:43:27',NULL),(6,'N.6',4,NULL,NULL,NULL,'2017-12-20 22:06:02','2018-06-12 20:41:28',NULL),(8,'N° 2',NULL,NULL,NULL,NULL,'2018-06-14 21:18:39','2018-06-14 21:18:39',NULL),(9,'N° 2',NULL,NULL,NULL,NULL,'2018-06-14 21:20:30','2018-06-14 21:20:30',NULL),(10,'N° 2',NULL,NULL,NULL,NULL,'2018-06-14 21:23:37','2018-06-14 21:23:37',NULL),(11,'N° 2',NULL,NULL,NULL,NULL,'2018-06-14 21:26:04','2018-06-14 21:26:04',NULL),(12,'N° 2',NULL,NULL,NULL,NULL,'2018-06-14 21:28:20','2018-06-14 21:28:20',NULL),(13,'N° 2',NULL,NULL,NULL,NULL,'2018-06-14 21:28:21','2018-06-14 21:28:21',NULL),(14,'N° 2',NULL,NULL,NULL,NULL,'2018-06-14 21:28:22','2018-06-14 21:28:22',NULL),(15,'N° 2',NULL,NULL,NULL,NULL,'2018-06-14 21:47:36','2018-06-14 21:47:36',NULL),(16,'N° 2',NULL,NULL,NULL,NULL,'2018-06-14 21:56:16','2018-06-14 21:56:16',NULL),(17,'N° 2',NULL,NULL,NULL,NULL,'2018-06-14 21:57:31','2018-06-14 21:57:31',NULL),(18,'N° 2',NULL,NULL,NULL,NULL,'2018-06-14 22:00:09','2018-06-14 22:00:09',NULL),(19,'N° 2',NULL,NULL,NULL,NULL,'2018-06-14 22:01:53','2018-06-14 22:02:51',NULL),(20,'N° 1',NULL,NULL,NULL,NULL,'2018-06-14 22:05:12','2018-06-14 22:05:20',NULL),(21,'N° 1',NULL,NULL,NULL,NULL,'2018-06-14 22:12:51','2018-06-14 22:13:08',NULL),(22,'N° 1',NULL,NULL,NULL,NULL,'2018-06-14 22:13:14','2018-06-17 18:54:31',NULL),(23,'N° 2',NULL,NULL,NULL,NULL,'2018-06-14 22:13:27','2018-06-17 18:54:18',NULL),(24,'N° 3',NULL,NULL,NULL,NULL,'2018-06-14 22:13:39','2018-06-17 18:54:29',NULL),(25,'N° 4',NULL,NULL,NULL,NULL,'2018-06-14 22:13:46','2018-06-17 18:54:22',NULL),(26,'N° 5',NULL,NULL,NULL,NULL,'2018-06-15 21:18:22','2018-06-17 18:54:15',NULL),(27,'N° 1',NULL,NULL,NULL,NULL,'2018-06-17 20:03:57','2018-06-17 20:03:57',NULL),(29,'1',NULL,NULL,NULL,NULL,'2018-06-18 21:08:36','2018-06-18 21:08:36',NULL),(31,'2',NULL,NULL,NULL,NULL,'2018-06-18 21:33:56','2018-06-18 21:33:56',NULL),(32,'3',NULL,NULL,NULL,NULL,'2018-06-18 21:40:45','2018-06-18 21:40:45',NULL),(33,'test',NULL,NULL,NULL,NULL,'2018-06-18 21:47:54','2018-06-18 21:47:54',NULL),(34,'test1',NULL,NULL,NULL,NULL,'2018-06-18 21:49:34','2018-06-18 21:49:34',NULL),(35,'edrè!',NULL,NULL,NULL,NULL,'2018-06-19 20:25:35','2018-06-19 20:25:35',NULL),(79,'123',NULL,NULL,NULL,NULL,'2018-06-26 21:44:09','2018-06-26 21:44:37',NULL),(80,'999',NULL,NULL,NULL,NULL,'2018-06-26 21:48:11','2018-06-26 21:49:46',NULL),(81,'1',NULL,NULL,NULL,NULL,'2018-06-27 19:10:20','2018-06-27 19:10:31',NULL),(82,'2',NULL,NULL,NULL,NULL,'2018-06-27 19:36:10','2018-06-27 19:38:26',NULL),(83,'3',NULL,NULL,NULL,NULL,'2018-06-27 19:48:11','2018-06-27 19:48:25',NULL),(84,'1',NULL,NULL,NULL,NULL,'2018-06-27 20:53:12','2018-06-27 20:53:30',NULL),(85,'123',NULL,NULL,NULL,NULL,'2018-06-27 21:05:09','2018-06-27 21:36:25',NULL),(86,'1',NULL,NULL,NULL,NULL,'2018-06-28 20:26:43','2018-06-28 20:26:43',NULL),(87,'1',NULL,NULL,NULL,NULL,'2018-06-28 20:27:22','2018-06-28 20:30:30',NULL),(88,'4',NULL,NULL,NULL,NULL,'2018-06-28 20:31:32','2018-06-28 20:34:30',NULL),(89,'8',NULL,NULL,NULL,NULL,'2018-06-28 20:34:47','2018-06-28 20:34:47',NULL),(90,'8',NULL,NULL,NULL,NULL,'2018-06-28 20:34:48','2018-06-28 20:34:48',NULL),(91,'8',NULL,NULL,NULL,NULL,'2018-06-28 20:34:49','2018-06-28 20:34:49',NULL),(92,'8',NULL,NULL,NULL,NULL,'2018-06-28 20:34:49','2018-06-28 20:34:49',NULL),(93,'8',NULL,NULL,NULL,NULL,'2018-06-28 20:34:49','2018-06-28 20:34:49',NULL),(94,'8',NULL,NULL,NULL,NULL,'2018-06-28 20:34:49','2018-06-28 20:34:49',NULL),(95,'8',NULL,NULL,NULL,NULL,'2018-06-28 20:34:49','2018-06-28 20:34:49',NULL),(96,'8',NULL,NULL,NULL,NULL,'2018-06-28 20:34:58','2018-06-28 20:35:28',NULL),(97,'5',NULL,NULL,NULL,NULL,'2018-06-28 20:52:48','2018-06-28 20:58:24',NULL),(98,'1',NULL,NULL,NULL,NULL,'2018-06-28 21:00:39','2018-06-28 21:03:07',NULL),(99,'3',NULL,NULL,NULL,NULL,'2018-06-28 21:03:21','2018-06-28 21:04:45',NULL),(100,'8',NULL,NULL,NULL,NULL,'2018-06-28 21:03:51','2018-06-28 21:04:47',NULL),(101,'6',NULL,NULL,NULL,NULL,'2018-06-28 21:11:22','2018-06-28 21:16:08',NULL),(102,'4',NULL,NULL,NULL,NULL,'2018-06-28 21:17:55','2018-06-28 21:39:48',NULL),(103,'1',NULL,NULL,NULL,NULL,'2018-06-28 21:49:55','2018-06-28 21:50:19',NULL),(104,'111',NULL,NULL,NULL,NULL,'2018-06-28 21:52:26','2018-06-28 21:52:42',NULL),(105,'7',NULL,NULL,NULL,NULL,'2018-06-28 21:56:01','2018-06-28 21:56:13',NULL),(106,'25',NULL,NULL,NULL,NULL,'2018-06-29 17:34:08','2018-06-29 18:03:38',NULL),(107,'28',NULL,NULL,NULL,NULL,'2018-06-29 18:03:59','2018-06-29 18:14:36',NULL),(108,'5',NULL,NULL,NULL,NULL,'2018-06-29 18:14:46','2018-06-29 18:18:29',NULL),(109,'4',NULL,NULL,NULL,NULL,'2018-06-29 18:19:07','2018-06-29 18:55:10',NULL),(110,'2',NULL,NULL,NULL,NULL,'2018-06-29 18:55:20','2018-07-03 19:49:14',NULL),(111,'256',NULL,NULL,NULL,NULL,'2018-06-29 18:56:37','2018-07-03 19:49:12',NULL),(112,'56',NULL,NULL,NULL,NULL,'2018-06-29 19:00:05','2018-07-03 20:39:21',NULL),(113,'75',NULL,NULL,NULL,NULL,'2018-07-03 20:00:38','2018-07-03 20:39:19',NULL),(114,'',NULL,NULL,NULL,NULL,'2018-07-03 20:15:50','2018-07-03 20:15:50',NULL),(115,'',NULL,NULL,NULL,NULL,'2018-07-03 20:15:51','2018-07-03 20:15:51',NULL),(116,'12',NULL,NULL,NULL,NULL,'2018-07-03 20:26:07','2018-07-03 20:39:12',NULL),(117,'125',NULL,NULL,NULL,NULL,'2018-07-03 20:39:46','2018-07-03 20:47:05',NULL),(118,'12',NULL,NULL,NULL,NULL,'2018-07-03 20:55:14','2018-07-03 20:55:53',NULL),(119,'45',NULL,NULL,NULL,NULL,'2018-07-03 21:13:56','2018-07-03 21:14:25',NULL),(120,'12',NULL,NULL,NULL,NULL,'2018-07-04 20:24:29','2018-07-05 21:42:17',NULL),(121,'12',NULL,NULL,NULL,NULL,'2018-07-08 19:26:12','2018-07-08 19:26:12',117),(122,'1',NULL,NULL,NULL,NULL,'2018-07-08 20:10:20','2018-07-08 20:10:20',118),(123,'555',NULL,NULL,NULL,NULL,'2018-07-08 20:45:05','2018-07-08 21:45:33',NULL),(124,'123',NULL,NULL,NULL,NULL,'2018-07-08 21:10:48','2018-07-08 21:14:28',NULL),(125,'12',NULL,NULL,NULL,NULL,'2018-07-08 21:21:05','2018-07-08 21:22:44',NULL),(126,'45',NULL,NULL,NULL,NULL,'2018-07-08 21:23:08','2018-07-08 21:26:04',NULL),(127,'25',NULL,NULL,NULL,NULL,'2018-07-08 21:29:24','2018-07-08 21:29:53',NULL),(128,'58',NULL,NULL,NULL,NULL,'2018-07-08 21:46:02','2018-07-08 21:46:02',124),(129,'5',NULL,NULL,NULL,NULL,'2018-07-08 22:01:44','2018-07-08 22:01:44',125),(130,'1',NULL,NULL,NULL,NULL,'2018-07-09 19:45:47','2018-07-09 19:45:48',126),(131,'2',NULL,NULL,NULL,NULL,'2018-07-09 20:22:17','2018-07-09 20:22:17',127),(132,'5',NULL,NULL,NULL,NULL,'2018-07-09 21:03:35','2018-07-09 21:03:35',128),(133,'5',NULL,NULL,NULL,NULL,'2018-07-09 21:07:22','2018-07-09 21:07:22',129),(134,'5',NULL,NULL,NULL,NULL,'2018-07-09 21:11:32','2018-07-09 21:11:32',130),(135,'55',NULL,NULL,NULL,NULL,'2018-07-09 21:37:22','2018-07-09 21:37:22',131),(136,'56',NULL,NULL,NULL,NULL,'2018-07-09 21:39:28','2018-07-09 21:39:28',132),(137,'55',NULL,NULL,NULL,NULL,'2018-07-11 17:06:02','2018-07-11 17:06:02',133),(138,'25',NULL,NULL,NULL,NULL,'2018-07-11 18:02:47','2018-07-11 18:02:47',134),(139,'55',NULL,NULL,NULL,NULL,'2018-07-11 18:21:29','2018-07-16 19:52:33',NULL),(140,'1',NULL,NULL,NULL,NULL,'2018-07-16 19:53:52','2018-07-16 19:53:52',136),(141,'56',NULL,NULL,NULL,NULL,'2018-07-19 20:46:46','2018-07-19 20:46:46',137),(142,'369',NULL,NULL,NULL,NULL,'2018-07-19 20:57:06','2018-07-19 20:57:06',138),(143,'123z',NULL,NULL,NULL,NULL,'2018-07-22 19:05:35','2018-07-22 19:05:35',139),(144,'55',NULL,NULL,NULL,NULL,'2018-07-22 20:48:18','2018-07-22 20:48:18',140),(145,'33',NULL,NULL,NULL,NULL,'2018-07-22 21:05:24','2018-07-22 21:05:24',141),(146,'12',NULL,NULL,NULL,NULL,'2018-07-22 21:29:54','2018-07-22 21:29:54',142),(147,'1',NULL,NULL,NULL,NULL,'2018-08-02 20:35:17','2018-09-09 20:53:45',NULL),(148,'4',NULL,NULL,NULL,NULL,'2018-09-06 20:53:07','2018-09-06 20:53:07',144);
/*!40000 ALTER TABLE `dining_tables` ENABLE KEYS */;
UNLOCK TABLES;

--
-- Table structure for table `items`
--

DROP TABLE IF EXISTS `items`;
/*!40101 SET @saved_cs_client     = @@character_set_client */;
/*!40101 SET character_set_client = utf8 */;
CREATE TABLE `items` (
  `id` bigint(20) NOT NULL AUTO_INCREMENT,
  `label` varchar(255) DEFAULT NULL,
  `url` varchar(255) DEFAULT NULL,
  `amount` decimal(8,2) DEFAULT NULL,
  `category_id` int(11) DEFAULT NULL,
  `created_at` datetime NOT NULL,
  `updated_at` datetime NOT NULL,
  PRIMARY KEY (`id`)
) ENGINE=InnoDB AUTO_INCREMENT=72 DEFAULT CHARSET=utf8;
/*!40101 SET character_set_client = @saved_cs_client */;

--
-- Dumping data for table `items`
--

LOCK TABLES `items` WRITE;
/*!40000 ALTER TABLE `items` DISABLE KEYS */;
INSERT INTO `items` VALUES (1,'Cocktail Maison (12cl)','cocktail.jpg',3.50,1,'2018-01-10 00:00:00','2018-08-08 20:43:50'),(2,'Martini Rouge ou Blanc (4cl)','martini_blanc.jpg',3.50,1,'2018-01-10 00:00:00','2018-08-08 20:44:03'),(3,'Martini Gin (4cl)','martini_gin.jpg',4.50,1,'2018-01-10 00:00:00','2018-08-08 20:46:14'),(4,'Pastis 51 ou Ricard (2cl)','pastis51.jpg',3.50,1,'2018-01-10 00:00:00','2018-08-08 20:51:22'),(5,'Whisky J&B (4cl)','whiskyjb.jpg',4.50,1,'2018-01-10 00:00:00','2018-08-08 20:50:22'),(6,'Kir (12cl)','kir.jpg',3.50,1,'2018-01-10 00:00:00','2018-08-08 20:51:08'),(7,'Gin (4cl)','gin.jpg',3.00,1,'2018-01-10 00:00:00','2018-08-08 20:54:45'),(8,'Kir Royal (12cl)','kir_royal.jpg',7.50,1,'2018-01-10 00:00:00','2018-08-08 20:57:21'),(9,'Porto (4cl)','porto.jpg',3.50,1,'2018-01-10 00:00:00','2018-08-08 20:58:36'),(10,'Américano (4cl)','americano.jpg',3.50,1,'2018-01-10 00:00:00','2018-08-08 21:02:13'),(11,'Vodka (4cl)','vodka.jpg',4.50,1,'2018-08-08 21:02:46','2018-08-08 21:02:46'),(12,'Coupe de Champagne (12cl)','coupe.jpg',6.80,1,'2018-08-08 21:03:41','2018-08-08 21:03:41'),(13,'Evian(50cl)','evrin_50.png',3.00,2,'2018-09-06 18:44:07','2018-09-06 18:44:07'),(14,'Evian(1L)','evrin_50.png',4.50,2,'2018-09-06 18:44:52','2018-09-08 15:59:49'),(15,'Coca cola(33cl)','coca.jpg',3.00,2,'2018-09-06 18:47:53','2018-09-06 18:47:53'),(16,'Perrier(33cl)','perrier.jpg',3.00,2,'2018-09-06 18:50:31','2018-09-06 18:50:31'),(17,'Scheweppes, Orangina(25cl)','orangina.jpg',3.00,2,'2018-09-06 18:53:37','2018-09-06 21:18:38'),(18,'Jus de Fruits(25cl)','jus.jpg',3.00,2,'2018-09-06 18:57:06','2018-09-06 18:57:06'),(19,'Nectar abricot(25cl)','nectar.jpg',3.00,2,'2018-09-06 18:59:14','2018-09-06 18:59:14'),(20,'Bière chinoise(33cl)','biere.jpg',4.50,2,'2018-09-06 19:00:28','2018-09-06 19:00:28'),(21,'Heineken(33cl)','heineken.jpg',4.50,2,'2018-09-06 19:04:00','2018-09-06 19:04:00'),(22,'Thé au jasmin vert','the.jpg',3.00,2,'2018-09-06 19:06:08','2018-09-06 19:06:08'),(23,'Café Decafeiné','cafe.jpg',1.80,2,'2018-09-06 19:09:23','2018-09-06 19:09:23'),(24,'Café crème','cafec.jpg',3.50,2,'2018-09-06 19:12:46','2018-09-06 19:12:46'),(25,'Mei kuei lu(2cl)','mei.jpg',3.00,3,'2018-09-06 19:17:48','2018-09-06 19:17:48'),(26,'Cointreau(2cl)','cointreau.jpg',4.50,3,'2018-09-06 19:19:06','2018-09-06 19:19:06'),(27,'Get 27(2cl)','get27.jpg',4.50,3,'2018-09-06 19:20:37','2018-09-06 19:20:37'),(28,'Marie Brizard(2cl)','marie.jpg',4.50,3,'2018-09-06 19:21:40','2018-09-06 19:21:40'),(29,'Cognac','cognac.jpg',5.40,3,'2018-09-06 19:22:47','2018-09-06 19:22:47'),(30,'Irish Coffee','irish.jpg',7.00,3,'2018-09-06 19:23:49','2018-09-06 19:23:49'),(31,'Gamay Touraine(37,5cl)','touraine.jpg',7.50,4,'2018-09-06 19:35:51','2018-09-06 19:35:51'),(32,'Gamay Touraine(75cl)','touraine.jpg',12.50,4,'2018-09-06 19:36:40','2018-09-06 19:36:40'),(33,'Côte de Rhône(37,5cl)','cote.jpg',7.80,4,'2018-09-06 19:38:32','2018-09-06 19:38:32'),(34,'Côte de Rhône(75cl)','cote.jpg',12.80,4,'2018-09-06 19:39:00','2018-09-06 19:39:00'),(35,'Saumur Champigny(37,5cl)','saumur.jpg',8.50,4,'2018-09-06 19:40:42','2018-09-06 19:40:42'),(36,'Saumur Champigny(75cl)','saumur.jpg',15.80,4,'2018-09-06 19:41:09','2018-09-06 19:41:09'),(37,'Beaujolais Villages(37,5cl)','beaujolais.jpg',7.80,4,'2018-09-06 19:42:21','2018-09-06 19:42:21'),(38,'Beaujolais Villages(75cl)','beaujolais.jpg',12.80,4,'2018-09-06 19:42:47','2018-09-06 19:42:47'),(39,'Bordeaux(37,5cl)','bordeaux.jpg',8.50,4,'2018-09-06 19:43:23','2018-09-06 19:43:23'),(40,'Bordeaux(75cl)','bordeaux.jpg',15.80,4,'2018-09-06 19:45:01','2018-09-06 19:45:01'),(41,'Brouilly(37,5cl)','brouilly.jpg',12.50,4,'2018-09-06 19:46:01','2018-09-06 19:46:01'),(42,'Brouilly(75cl)','brouilly.jpg',19.50,4,'2018-09-06 19:46:51','2018-09-06 19:46:51'),(43,'Saint-Emilion(37,5cl)','emilion.jpg',12.80,4,'2018-09-06 19:48:28','2018-09-06 19:48:28'),(44,'Saint-Emilion(75cl)','emilion.jpg',20.80,4,'2018-09-06 19:48:59','2018-09-06 19:48:59'),(45,'Saint-Emilion G. C.(37,5cl)','emilioncru.jpg',18.00,4,'2018-09-06 19:50:06','2018-09-06 19:50:49'),(46,'Saint-Emilion G. C.(75cl)','emilioncru.jpg',32.00,4,'2018-09-06 19:51:14','2018-09-06 19:51:14'),(47,'Côtes de Provence(37,5cl)','provence.jpg',7.50,5,'2018-09-06 19:54:17','2018-09-06 19:54:17'),(48,'Côtes de Provence(75cl)','provence.jpg',12.50,5,'2018-09-06 20:05:52','2018-09-06 20:05:52'),(49,'Tavel(37,5cl)','travel.jpg',9.80,5,'2018-09-06 20:08:42','2018-09-06 20:08:42'),(50,'Tavel(75cl)','travel.jpg',17.80,5,'2018-09-06 20:09:08','2018-09-06 20:09:08'),(51,'Provence de St-Tropez(37,5cl)','tropez.jpg',8.50,5,'2018-09-06 20:15:50','2018-09-06 20:15:50'),(52,'Provence de St-Tropez(75cl)','tropez.jpg',15.80,5,'2018-09-06 20:27:19','2018-09-06 20:27:19'),(53,'Bandol(37,5)','bandol.jpg',13.80,5,'2018-09-06 20:28:54','2018-09-06 20:28:54'),(54,'Bandol(75cl)','bandol.jpg',21.80,5,'2018-09-06 20:29:26','2018-09-06 20:29:26'),(55,'Sancerre Rosé(37,5cl)','sancerre.jpg',14.80,5,'2018-09-06 20:30:23','2018-09-06 20:30:23'),(56,'Sancerre Rosé(75cl)','sancerre.jpg',22.80,5,'2018-09-06 20:30:52','2018-09-06 20:30:52'),(57,'Riesling(37,5cl)','riesling.jpg',8.80,6,'2018-09-06 20:35:48','2018-09-06 20:35:48'),(58,'Riesling(75cl)','riesling.jpg',15.80,6,'2018-09-06 20:36:38','2018-09-06 20:36:38'),(59,'Muscadet(37,5cl)','muscadet.jpg',8.80,6,'2018-09-06 20:37:48','2018-09-06 20:37:48'),(60,'Muscadet(75cl)','muscadet.jpg',15.80,6,'2018-09-06 20:38:58','2018-09-06 20:38:58'),(61,'Sancerre Blanc(37,5cl)','sancerreblanc.jpg',14.80,6,'2018-09-06 20:40:08','2018-09-06 20:40:08'),(62,'Sancerre Blanc(75cl)','sancerreblanc.jpg',22.80,6,'2018-09-06 20:40:39','2018-09-06 20:40:39'),(63,'Pouilly fumé(37,5cl)','pouillyfume.jpg',18.00,6,'2018-09-06 20:41:54','2018-09-06 20:41:54'),(64,'Pouilly fumé(75cl)','pouillyfume.jpg',32.00,6,'2018-09-06 20:42:18','2018-09-06 20:42:18'),(65,'Vins(Rouge Rosé Blanc)(1/4)','pichet.jpg',3.00,7,'2018-09-06 20:43:48','2018-09-06 20:43:48'),(66,'Vins(Rouge Rosé Blanc)(1/2)','pichet.jpg',5.50,7,'2018-09-06 20:44:23','2018-09-06 20:44:23'),(67,'Champagne(75cl)','champagne.jpg',45.00,8,'2018-09-06 20:45:17','2018-09-06 20:45:17'),(68,'Buffet Volonté Midi Adulte','buffet.jpg',12.80,0,'2018-09-06 20:49:20','2018-09-06 20:49:20'),(69,'Buffet Volonté Midi -8ans','buffet.jpg',8.80,0,'2018-09-06 20:50:01','2018-09-06 20:50:01'),(70,'Buffet Volonté soir Adulte','buffet.jpg',18.80,0,'2018-09-06 20:50:36','2018-09-06 20:50:36'),(71,'Buffet Volonté soir -8ans','buffet.jpg',12.80,0,'2018-09-06 20:51:14','2018-09-06 20:51:14');
/*!40000 ALTER TABLE `items` ENABLE KEYS */;
UNLOCK TABLES;

--
-- Table structure for table `order_histories`
--

DROP TABLE IF EXISTS `order_histories`;
/*!40101 SET @saved_cs_client     = @@character_set_client */;
/*!40101 SET character_set_client = utf8 */;
CREATE TABLE `order_histories` (
  `id` bigint(20) NOT NULL AUTO_INCREMENT,
  `order_id` int(11) DEFAULT NULL,
  `amount` decimal(8,2) DEFAULT NULL,
  `detail` text,
  `created_at` datetime NOT NULL,
  `updated_at` datetime NOT NULL,
  `printable` tinyint(1) DEFAULT '1',
  `uniqId` varchar(255) DEFAULT NULL,
  PRIMARY KEY (`id`)
) ENGINE=InnoDB AUTO_INCREMENT=275 DEFAULT CHARSET=utf8;
/*!40101 SET character_set_client = @saved_cs_client */;

--
-- Dumping data for table `order_histories`
--

LOCK TABLES `order_histories` WRITE;
/*!40000 ALTER TABLE `order_histories` DISABLE KEYS */;
INSERT INTO `order_histories` VALUES (1,5,404.00,'Dîner adulte x 4 = 64.0;Déj. adulte x 2 = 24.0;Déj. enfant x 2 = 16.0;MoTai x 3 = 300.0','2018-05-30 21:46:32','2018-05-30 21:46:32',1,NULL),(2,5,391.90,'Dîner adulte x 3 = 48.0;Déj. adulte x 2 = 24.0;Déj. enfant x 2 = 16.0;MoTai x 3 = 300.0;Cocacola x 1 = 3.9','2018-05-30 22:06:13','2018-05-30 22:06:13',1,NULL),(3,5,388.00,'Dîner adulte x 3 = 48.0;Déj. adulte x 2 = 24.0;Déj. enfant x 2 = 16.0;MoTai x 3 = 300.0','2018-05-31 19:25:32','2018-05-31 19:25:32',1,NULL),(4,4,296.00,'Déj. adulte x 2 = 24.0;Dîner enfant x 2 = 20.0;gong bao ji ding x 1 = 10.9;MoTai x 2 = 200.0;Cocacola x 1 = 3.9;Badoit 30cl x 1 = 1.9;Vin rouge 33cl x 1 = 5.9;Café x 1 = 5.9;Dîner adulte x 1 = 16.0;Déj. enfant x 1 = 8.0','2018-05-31 19:35:47','2018-05-31 19:35:47',1,NULL),(5,2,0.00,'','2018-05-31 19:42:38','2018-05-31 19:42:38',1,NULL),(6,3,186.00,'Déj. adulte x 5 = 60.0;Déj. enfant x 4 = 32.0;Dîner adulte x 4 = 64.0;Dîner enfant x 3 = 30.0','2018-05-31 19:42:45','2018-05-31 19:42:45',1,NULL),(7,1,184.00,'Dîner adulte x 5 = 80.0;Dîner enfant x 4 = 40.0;Déj. adulte x 4 = 48.0;Déj. enfant x 2 = 16.0','2018-05-31 20:07:41','2018-05-31 20:07:41',1,NULL),(8,6,12.00,'Déj. adulte x 1 = 12.0','2018-05-31 20:23:20','2018-05-31 20:23:20',1,NULL),(9,7,10.00,'Dîner enfant x 1 = 10.0','2018-05-31 20:23:49','2018-05-31 20:23:49',1,NULL),(10,8,26.00,'Dîner enfant x 1 = 10.0;Dîner adulte x 1 = 16.0','2018-05-31 20:42:55','2018-05-31 20:42:55',1,NULL),(11,9,10.00,'Dîner enfant x 1 = 10.0','2018-05-31 20:48:08','2018-05-31 20:48:08',1,NULL),(12,10,22.00,'Déj. adulte x 1 = 12.0;Dîner enfant x 1 = 10.0','2018-05-31 20:52:34','2018-05-31 20:52:34',1,NULL),(13,11,16.00,'Dîner adulte x 1 = 16.0','2018-05-31 20:59:56','2018-05-31 20:59:56',1,NULL),(14,12,26.00,'Dîner adulte x 1 = 16.0;Dîner enfant x 1 = 10.0','2018-05-31 21:10:30','2018-05-31 21:10:30',1,NULL),(15,13,46.00,'Déj. enfant x 1 = 8.0;Dîner enfant x 1 = 10.0;Dîner adulte x 1 = 16.0;Déj. adulte x 1 = 12.0','2018-05-31 21:10:45','2018-05-31 21:10:45',1,NULL),(16,13,38.00,'Dîner enfant x 1 = 10.0;Dîner adulte x 1 = 16.0;Déj. adulte x 1 = 12.0','2018-05-31 21:10:54','2018-05-31 21:10:54',1,NULL),(17,14,28.00,'Dîner adulte x 1 = 16.0;Déj. adulte x 1 = 12.0','2018-05-31 21:45:11','2018-05-31 21:45:11',1,NULL),(18,14,46.00,'Dîner adulte x 1 = 16.0;Déj. adulte x 1 = 12.0;Déj. enfant x 1 = 8.0;Dîner enfant x 1 = 10.0','2018-05-31 21:45:31','2018-05-31 21:45:31',1,NULL),(19,15,74.50,'Dîner adulte x 1 = 16.0;Dîner enfant x 1 = 10.0;Déj. enfant x 1 = 8.0;Déj. adulte x 1 = 12.0;Vin rouge 33cl x 1 = 5.9;gong bao ji ding x 1 = 10.9;Cocacola x 3 = 11.7','2018-05-31 21:46:50','2018-05-31 21:46:50',1,NULL),(20,15,11.70,'Cocacola x 3 = 11.7','2018-05-31 21:47:26','2018-05-31 21:47:26',1,NULL),(21,16,28.00,'Dîner adulte x 1 = 16.0;Déj. adulte x 1 = 12.0','2018-05-31 21:48:03','2018-05-31 21:48:03',1,NULL),(22,17,17.70,'Café x 3 = 17.7','2018-06-02 07:13:21','2018-06-02 07:13:21',1,NULL),(23,17,175.40,'Café x 3 = 17.7;Déj. enfant x 1 = 8.0;Dîner enfant x 1 = 10.0;Dîner adulte x 1 = 16.0;Déj. adulte x 1 = 12.0;MoTai x 1 = 100.0;Badoit 30cl x 1 = 1.9;Vin rouge 33cl x 1 = 5.9;Cocacola x 1 = 3.9','2018-06-02 07:21:31','2018-06-02 07:21:31',1,NULL),(24,18,26.00,'Dîner enfant x 1 = 10.0;Dîner adulte x 1 = 16.0','2018-06-02 07:24:13','2018-06-02 07:24:13',1,NULL),(25,18,60.00,'Dîner enfant x 2 = 20.0;Dîner adulte x 2 = 32.0;Déj. enfant x 1 = 8.0','2018-06-02 07:24:28','2018-06-02 07:24:28',1,NULL),(26,19,8.00,'Déj. enfant x 1 = 8.0','2018-06-02 07:27:36','2018-06-02 07:27:36',1,NULL),(27,20,10.00,'Dîner enfant x 1 = 10.0','2018-06-02 07:28:46','2018-06-02 07:28:46',1,NULL),(28,21,132.80,'Déj. adulte x 1 = 12.0;Déj. enfant x 1 = 8.0;MoTai x 1 = 100.0;Badoit 30cl x 1 = 1.9;gong bao ji ding x 1 = 10.9','2018-06-02 12:28:30','2018-06-02 12:28:30',1,NULL),(29,21,121.90,'Déj. adulte x 1 = 12.0;Déj. enfant x 1 = 8.0;MoTai x 1 = 100.0;Badoit 30cl x 1 = 1.9','2018-06-02 12:29:08','2018-06-02 12:29:08',1,NULL),(30,22,0.00,'','2018-06-02 12:33:05','2018-06-02 12:33:05',1,NULL),(31,23,74.50,'Dîner enfant x 1 = 10.0;Déj. enfant x 1 = 8.0;Dîner adulte x 1 = 16.0;Déj. adulte x 1 = 12.0;Vin rouge 33cl x 1 = 5.9;Badoit 30cl x 1 = 1.9;Cocacola x 1 = 3.9;Café x 1 = 5.9;gong bao ji ding x 1 = 10.9','2018-06-02 12:34:30','2018-06-02 12:34:30',1,NULL),(32,23,80.40,'Dîner enfant x 1 = 10.0;Déj. enfant x 1 = 8.0;Dîner adulte x 1 = 16.0;Déj. adulte x 1 = 12.0;Vin rouge 33cl x 1 = 5.9;Badoit 30cl x 1 = 1.9;Cocacola x 1 = 3.9;Café x 2 = 11.8;gong bao ji ding x 1 = 10.9','2018-06-02 12:35:30','2018-06-02 12:35:30',1,NULL),(33,23,88.40,'Dîner enfant x 1 = 10.0;Déj. enfant x 2 = 16.0;Dîner adulte x 1 = 16.0;Déj. adulte x 1 = 12.0;Vin rouge 33cl x 1 = 5.9;Badoit 30cl x 1 = 1.9;Cocacola x 1 = 3.9;Café x 2 = 11.8;gong bao ji ding x 1 = 10.9','2018-06-02 12:47:19','2018-06-02 12:47:19',1,NULL),(34,24,66.00,'Déj. enfant x 5 = 40.0;Dîner enfant x 1 = 10.0;Dîner adulte x 1 = 16.0','2018-06-05 20:35:40','2018-06-05 20:35:40',1,NULL),(35,25,20.00,'Déj. adulte x 1 = 12.0;Déj. enfant x 1 = 8.0','2018-06-05 20:37:47','2018-06-05 20:37:47',1,NULL),(36,26,16.00,'Dîner adulte x 1 = 16.0','2018-06-05 20:41:23','2018-06-05 20:41:23',1,NULL),(37,26,26.00,'Dîner adulte x 1 = 16.0;Dîner enfant x 1 = 10.0','2018-06-05 20:53:14','2018-06-05 20:53:14',1,NULL),(38,27,18.00,'Déj. enfant x 1 = 8.0;Dîner enfant x 1 = 10.0','2018-06-06 19:29:30','2018-06-06 20:34:23',0,NULL),(39,27,34.00,'Déj. enfant x 1 = 8.0;Dîner enfant x 1 = 10.0;Dîner adulte x 1 = 16.0','2018-06-06 20:40:20','2018-06-06 20:40:28',0,NULL),(40,27,18.00,'Déj. enfant x 1 = 8.0;Dîner enfant x 1 = 10.0','2018-06-06 21:07:18','2018-06-06 21:09:55',0,NULL),(41,27,10.00,'Dîner enfant x 1 = 10.0','2018-06-06 21:15:57','2018-06-06 21:16:03',0,NULL),(42,27,28.00,'Dîner enfant x 2 = 20.0;Déj. enfant x 1 = 8.0','2018-06-06 21:28:21','2018-06-06 21:28:23',0,NULL),(43,27,18.00,'Dîner enfant x 1 = 10.0;Déj. enfant x 1 = 8.0','2018-06-06 21:29:51','2018-06-06 21:30:24',0,NULL),(44,27,10.00,'Dîner enfant x 1 = 10.0','2018-06-06 21:36:31','2018-06-06 21:36:32',0,NULL),(45,27,36.00,'Dîner enfant x 2 = 20.0;Dîner adulte x 1 = 16.0','2018-06-06 21:38:22','2018-06-06 21:38:24',0,NULL),(46,27,26.00,'Dîner enfant x 1 = 10.0;Dîner adulte x 1 = 16.0','2018-06-06 21:38:49','2018-06-06 21:38:51',0,NULL),(47,28,12.00,'Déj. adulte x 1 = 12.0','2018-06-06 21:39:45','2018-06-06 21:39:51',0,NULL),(48,28,22.00,'Déj. adulte x 1 = 12.0;Dîner enfant x 1 = 10.0','2018-06-06 21:40:14','2018-06-06 21:40:18',0,NULL),(49,29,20.00,'Déj. adulte x 1 = 12.0;Déj. enfant x 1 = 8.0','2018-06-06 21:41:20','2018-06-06 21:41:21',0,NULL),(50,29,28.00,'Déj. adulte x 1 = 12.0;Déj. enfant x 2 = 16.0','2018-06-07 20:33:18','2018-06-07 20:33:19',0,NULL),(51,29,20.00,'Déj. adulte x 1 = 12.0;Déj. enfant x 1 = 8.0','2018-06-07 20:36:33','2018-06-07 20:36:36',0,NULL),(52,29,12.00,'Déj. adulte x 1 = 12.0','2018-06-07 20:43:04','2018-06-07 20:43:12',0,NULL),(53,29,22.00,'Déj. adulte x 1 = 12.0;Dîner enfant x 1 = 10.0','2018-06-07 20:45:13','2018-06-07 20:45:15',0,NULL),(54,29,12.00,'Déj. adulte x 1 = 12.0','2018-06-07 20:45:27','2018-06-07 20:45:29',0,NULL),(55,29,22.00,'Déj. adulte x 1 = 12.0;Dîner enfant x 1 = 10.0','2018-06-07 20:46:35','2018-06-07 20:46:37',0,NULL),(56,29,12.00,'Déj. adulte x 1 = 12.0','2018-06-07 20:46:55','2018-06-07 20:46:57',0,NULL),(57,29,22.00,'Déj. adulte x 1 = 12.0;Dîner enfant x 1 = 10.0','2018-06-07 20:48:05','2018-06-07 20:48:09',0,NULL),(58,29,30.00,'Déj. adulte x 1 = 12.0;Dîner enfant x 1 = 10.0;Déj. enfant x 1 = 8.0','2018-06-07 20:48:40','2018-06-07 20:48:43',0,NULL),(59,29,42.00,'Déj. adulte x 2 = 24.0;Dîner enfant x 1 = 10.0;Déj. enfant x 1 = 8.0','2018-06-07 20:49:31','2018-06-07 20:49:34',0,NULL),(60,29,32.00,'Déj. adulte x 2 = 24.0;Déj. enfant x 1 = 8.0','2018-06-07 20:54:42','2018-06-07 20:54:44',0,NULL),(61,29,20.00,'Déj. adulte x 1 = 12.0;Déj. enfant x 1 = 8.0','2018-06-07 20:57:16','2018-06-07 20:57:18',0,NULL),(62,29,30.00,'Déj. adulte x 1 = 12.0;Déj. enfant x 1 = 8.0;Dîner enfant x 1 = 10.0','2018-06-07 20:59:43','2018-06-07 20:59:45',0,NULL),(63,29,22.00,'Déj. adulte x 1 = 12.0;Dîner enfant x 1 = 10.0','2018-06-07 21:03:15','2018-06-07 21:03:17',0,NULL),(64,29,32.00,'Déj. adulte x 1 = 12.0;Dîner enfant x 2 = 20.0','2018-06-07 21:06:15','2018-06-07 21:06:16',0,NULL),(65,29,35.90,'Déj. adulte x 1 = 12.0;Dîner enfant x 2 = 20.0;Cocacola x 1 = 3.9','2018-06-07 21:07:27','2018-06-07 21:07:27',1,NULL),(66,29,246.80,'Déj. adulte x 1 = 12.0;Dîner enfant x 2 = 20.0;Cocacola x 1 = 3.9;gong bao ji ding x 1 = 10.9;MoTai x 2 = 200.0','2018-06-07 21:07:49','2018-06-07 21:07:52',0,NULL),(67,29,234.80,'Dîner enfant x 2 = 20.0;Cocacola x 1 = 3.9;gong bao ji ding x 1 = 10.9;MoTai x 2 = 200.0','2018-06-07 21:09:53','2018-06-07 21:09:54',0,NULL),(68,29,252.80,'Dîner enfant x 3 = 30.0;Cocacola x 1 = 3.9;gong bao ji ding x 1 = 10.9;MoTai x 2 = 200.0;Déj. enfant x 1 = 8.0','2018-06-07 21:11:19','2018-06-07 21:11:22',0,NULL),(69,29,260.80,'Dîner enfant x 3 = 30.0;Cocacola x 1 = 3.9;gong bao ji ding x 1 = 10.9;MoTai x 2 = 200.0;Déj. enfant x 2 = 16.0','2018-06-07 21:12:04','2018-06-07 21:12:06',0,NULL),(70,29,270.80,'Dîner enfant x 4 = 40.0;Cocacola x 1 = 3.9;gong bao ji ding x 1 = 10.9;MoTai x 2 = 200.0;Déj. enfant x 2 = 16.0','2018-06-07 21:15:36','2018-06-07 21:15:39',0,NULL),(71,29,262.80,'Dîner enfant x 4 = 40.0;Cocacola x 1 = 3.9;gong bao ji ding x 1 = 10.9;MoTai x 2 = 200.0;Déj. enfant x 1 = 8.0','2018-06-09 06:13:33','2018-06-09 06:13:35',0,NULL),(72,29,154.80,'Dîner enfant x 4 = 40.0;Cocacola x 1 = 3.9;gong bao ji ding x 1 = 10.9;MoTai x 1 = 100.0','2018-06-09 06:14:32','2018-06-09 06:14:33',0,NULL),(73,29,254.80,'Dîner enfant x 4 = 40.0;Cocacola x 1 = 3.9;gong bao ji ding x 1 = 10.9;MoTai x 2 = 200.0','2018-06-09 06:15:16','2018-06-09 06:15:18',0,NULL),(74,29,244.80,'Dîner enfant x 3 = 30.0;Cocacola x 1 = 3.9;gong bao ji ding x 1 = 10.9;MoTai x 2 = 200.0','2018-06-09 06:15:36','2018-06-09 06:15:38',0,NULL),(75,29,254.80,'Dîner enfant x 4 = 40.0;Cocacola x 1 = 3.9;gong bao ji ding x 1 = 10.9;MoTai x 2 = 200.0','2018-06-09 06:16:07','2018-06-09 06:16:09',0,NULL),(76,29,264.80,'Dîner enfant x 5 = 50.0;Cocacola x 1 = 3.9;gong bao ji ding x 1 = 10.9;MoTai x 2 = 200.0','2018-06-09 06:16:39','2018-06-09 06:16:41',0,NULL),(77,29,280.80,'Dîner enfant x 5 = 50.0;Cocacola x 1 = 3.9;gong bao ji ding x 1 = 10.9;MoTai x 2 = 200.0;Dîner adulte x 1 = 16.0','2018-06-09 06:17:12','2018-06-09 06:17:13',0,NULL),(78,29,288.80,'Dîner enfant x 5 = 50.0;Cocacola x 1 = 3.9;gong bao ji ding x 1 = 10.9;MoTai x 2 = 200.0;Dîner adulte x 1 = 16.0;Déj. enfant x 1 = 8.0','2018-06-09 06:18:36','2018-06-09 06:18:38',0,NULL),(79,29,294.71,'Dîner enfant x 5 = 50.0;Cocacola x 1 = 3.9;gong bao ji ding x 1 = 10.9;MoTai x 2 = 200.0;Dîner adulte x 1 = 16.0;Déj. enfant x 1 = 8.0;Café x 1 = 5.91','2018-06-09 06:20:08','2018-06-09 06:20:09',0,NULL),(80,29,310.71,'Dîner enfant x 5 = 50.0;Cocacola x 1 = 3.9;gong bao ji ding x 1 = 10.9;MoTai x 2 = 200.0;Dîner adulte x 2 = 32.0;Déj. enfant x 1 = 8.0;Café x 1 = 5.91','2018-06-09 06:23:05','2018-06-09 06:23:07',0,NULL),(81,29,326.71,'Dîner enfant x 5 = 50.0;Cocacola x 1 = 3.9;gong bao ji ding x 1 = 10.9;MoTai x 2 = 200.0;Dîner adulte x 3 = 48.0;Déj. enfant x 1 = 8.0;Café x 1 = 5.91','2018-06-09 06:24:31','2018-06-09 06:24:33',0,NULL),(82,29,342.71,'Dîner enfant x 5 = 50.0;Cocacola x 1 = 3.9;gong bao ji ding x 1 = 10.9;MoTai x 2 = 200.0;Dîner adulte x 4 = 64.0;Déj. enfant x 1 = 8.0;Café x 1 = 5.91','2018-06-09 06:25:42','2018-06-09 06:25:48',0,NULL),(83,29,10.00,'Dîner enfant x 1 = 10.0','2018-06-09 06:27:51','2018-06-09 06:27:53',0,NULL),(84,29,36.00,'Dîner enfant x 2 = 20.0;Dîner adulte x 1 = 16.0','2018-06-09 06:30:29','2018-06-09 06:30:31',0,NULL),(85,29,48.00,'Dîner enfant x 2 = 20.0;Dîner adulte x 1 = 16.0;Déj. adulte x 1 = 12.0','2018-06-09 06:31:41','2018-06-09 06:31:42',0,NULL),(86,30,26.00,'Dîner enfant x 1 = 10.0;Dîner adulte x 1 = 16.0','2018-06-09 11:23:13','2018-06-09 11:23:13',1,NULL),(87,30,31.91,'Dîner enfant x 1 = 10.0;Dîner adulte x 1 = 16.0;Café x 1 = 5.91','2018-06-09 11:23:27','2018-06-09 11:23:30',0,NULL),(88,30,47.91,'Dîner enfant x 1 = 10.0;Dîner adulte x 2 = 32.0;Café x 1 = 5.91','2018-06-09 11:24:06','2018-06-09 11:24:07',0,NULL),(89,30,31.91,'Dîner enfant x 1 = 10.0;Dîner adulte x 1 = 16.0;Café x 1 = 5.91','2018-06-09 11:24:43','2018-06-09 11:24:46',0,NULL),(90,30,37.81,'Dîner enfant x 1 = 10.0;Dîner adulte x 1 = 16.0;Café x 1 = 5.91;Vin rouge 33cl x 1 = 5.9','2018-06-09 11:25:45','2018-06-09 11:25:47',0,NULL),(91,31,0.00,'','2018-06-09 11:26:21','2018-06-09 11:26:21',1,NULL),(92,31,10.00,'Dîner enfant x 1 = 10.0','2018-06-09 11:26:30','2018-06-09 11:26:37',0,NULL),(93,30,31.91,'Dîner enfant x 1 = 10.0;Dîner adulte x 1 = 16.0;Café x 1 = 5.91','2018-06-09 20:54:08','2018-06-09 20:54:10',0,NULL),(94,31,20.00,'Dîner enfant x 2 = 20.0','2018-06-09 20:55:45','2018-06-09 20:55:50',0,NULL),(95,32,20.00,'Dîner enfant x 2 = 20.0','2018-06-09 21:01:14','2018-06-09 21:01:19',0,NULL),(96,32,325.91,'Dîner enfant x 2 = 20.0;MoTai x 3 = 300.0;Café x 1 = 5.91','2018-06-09 21:02:07','2018-06-09 21:02:09',0,NULL),(97,32,315.91,'Dîner enfant x 2 = 20.0;MoTai x 3 = 300.0;Café x 1 = 5.91;Dîner enfant x -1 = -10.0','2018-06-10 05:28:40','2018-06-10 05:28:40',1,NULL),(98,33,0.00,'Déj. adulte x 1 = 12.0;Déj. adulte x -1 = -12.0','2018-06-10 06:32:26','2018-06-10 06:32:26',1,NULL),(99,33,12.00,'Déj. adulte x 1 = 12.0','2018-06-10 06:36:42','2018-06-10 06:36:42',1,NULL),(100,33,24.00,'Déj. adulte x 2 = 24.0','2018-06-10 06:37:36','2018-06-10 06:37:36',1,NULL),(101,33,10.00,'Déj. adulte x 4 = 48.0;Déj. adulte x -4 = -48.0;Dîner enfant x 1 = 10.0','2018-06-10 06:38:48','2018-06-10 06:38:48',1,NULL),(102,33,44.00,'Déj. adulte x 4 = 48.0;Déj. adulte x -4 = -48.0;Dîner enfant x 2 = 20.0;Dîner adulte x 1 = 16.0;Déj. enfant x 1 = 8.0','2018-06-10 09:50:11','2018-06-10 10:07:02',0,NULL),(103,34,230.60,'Déj. adulte x 2 = 24.0;Déj. enfant x 2 = 16.0;Dîner enfant x 2 = 20.0;Dîner adulte x 3 = 48.0;Cocacola x 1 = 3.9;Vin rouge 33cl x 1 = 5.9;Badoit 30cl x 1 = 1.9;MoTai x 1 = 100.0;gong bao ji ding x 1 = 10.9','2018-06-10 09:50:45','2018-06-10 09:50:45',1,NULL),(104,34,222.60,'Déj. adulte x 2 = 24.0;Déj. enfant x 2 = 16.0;Dîner enfant x 2 = 20.0;Dîner adulte x 3 = 48.0;Cocacola x 1 = 3.9;Vin rouge 33cl x 1 = 5.9;Badoit 30cl x 1 = 1.9;MoTai x 1 = 100.0;gong bao ji ding x 1 = 10.9;Déj. enfant x -1 = -8.0','2018-06-10 09:51:49','2018-06-10 09:51:49',1,NULL),(105,35,100.00,'Déj. adulte x 3 = 36.0;Déj. enfant x 2 = 16.0;Dîner adulte x 3 = 48.0','2018-06-10 09:52:41','2018-06-10 09:52:44',0,NULL),(106,35,120.00,'Déj. adulte x 4 = 48.0;Déj. enfant x 4 = 32.0;Dîner adulte x 3 = 48.0;Déj. enfant x -1 = -8.0','2018-06-10 09:55:03','2018-06-10 09:55:06',0,NULL),(107,35,137.73,'Déj. adulte x 4 = 48.0;Déj. enfant x 4 = 32.0;Dîner adulte x 3 = 48.0;Déj. enfant x -1 = -8.0;Café x 3 = 17.73','2018-06-10 09:59:37','2018-06-10 10:02:29',0,NULL),(108,36,12.00,'Déj. adulte x 1 = 12.0','2018-06-10 10:24:52','2018-06-10 10:24:55',0,NULL),(109,36,22.00,'Déj. adulte x 1 = 12.0;Dîner enfant x 1 = 10.0','2018-06-10 10:25:32','2018-06-10 10:25:33',0,NULL),(110,37,105.90,'Dîner adulte x 2 = 32.0;Déj. adulte x 3 = 36.0;Dîner enfant x 2 = 20.0;Déj. enfant x 2 = 16.0;Badoit 30cl x 1 = 1.9','2018-06-10 10:26:40','2018-06-10 10:26:44',0,NULL),(111,37,85.90,'Dîner adulte x 2 = 32.0;Déj. adulte x 3 = 36.0;Dîner enfant x 2 = 20.0;Déj. enfant x 2 = 16.0;Badoit 30cl x 1 = 1.9;Déj. enfant x -1 = -8.0;Déj. adulte x -1 = -12.0','2018-06-10 10:27:45','2018-06-10 10:27:48',0,NULL),(112,38,27.80,'Déj. adulte x 2 = 24.0;Badoit 30cl x 2 = 3.8','2018-06-10 10:36:25','2018-06-10 10:36:30',0,NULL),(113,38,25.90,'Déj. adulte x 2 = 24.0;Badoit 30cl x 2 = 3.8;Badoit 30cl x -1 = -1.9','2018-06-10 10:36:47','2018-06-10 10:36:52',0,NULL),(114,38,27.80,'Déj. adulte x 2 = 24.0;Badoit 30cl x 2 = 3.8','2018-06-10 10:37:36','2018-06-10 10:37:38',0,NULL),(115,39,27.80,'Déj. adulte x 2 = 24.0;Badoit 30cl x 2 = 3.8','2018-06-10 10:45:25','2018-06-10 10:45:34',0,NULL),(116,39,25.90,'Déj. adulte x 2 = 24.0;Badoit 30cl x 2 = 3.8;Badoit 30cl x -1 = -1.9','2018-06-10 10:45:53','2018-06-10 10:45:55',0,NULL),(117,39,64.30,'Déj. adulte x 2 = 24.0;Badoit 30cl x 2 = 3.8;Badoit 30cl x -1 = -1.9;Vin rouge 33cl x 4 = 23.6;Cocacola x 1 = 3.9;gong bao ji ding x 1 = 10.9','2018-06-12 20:43:28','2018-06-12 20:43:28',1,NULL),(118,40,0.00,'Déj. adulte x 1 = 12.0;Déj. adulte x -1 = -12.0','2018-06-12 21:31:38','2018-06-12 21:31:38',1,NULL),(119,40,12.00,'Déj. adulte x 1 = 12.0','2018-06-12 21:31:55','2018-06-12 21:31:55',1,NULL),(120,41,161.71,'Déj. enfant x 1 = 8.0;Déj. adulte x 1 = 12.0;Dîner adulte x 1 = 16.0;Dîner enfant x 1 = 10.0;MoTai x 1 = 100.0;Badoit 30cl x 1 = 1.9;Vin rouge 33cl x 1 = 5.9;Cocacola x 2 = 7.8;Café x 1 = 5.91;Cocacola x -1 = -3.9;Badoit 30cl x -1 = -1.9','2018-06-12 21:50:51','2018-06-12 21:50:51',1,NULL),(121,42,20.00,'Déj. adulte x 1 = 12.0;Déj. enfant x 1 = 8.0','2018-06-13 20:37:05','2018-06-13 20:37:05',1,NULL),(122,43,0.00,'Déj. adulte x 1 = 12.0;Déj. adulte x -1 = -12.0','2018-06-13 21:01:53','2018-06-13 21:01:53',1,NULL),(123,44,16.00,'Dîner adulte x 1 = 16.0','2018-06-14 20:13:45','2018-06-14 20:13:45',1,NULL),(124,44,26.00,'Dîner adulte x 1 = 16.0;Dîner enfant x 1 = 10.0','2018-06-14 20:39:24','2018-06-14 20:39:24',1,NULL),(125,45,12.00,'Déj. adulte x 1 = 12.0;Déj. enfant x 1 = 8.0;Déj. enfant x -1 = -8.0','2018-06-14 22:02:40','2018-06-14 22:02:40',1,NULL),(126,46,8.00,'Déj. enfant x 1 = 8.0','2018-06-14 22:05:19','2018-06-14 22:05:19',1,NULL),(127,47,18.00,'Déj. enfant x 1 = 8.0;Dîner enfant x 1 = 10.0','2018-06-14 22:13:04','2018-06-14 22:13:04',1,NULL),(128,48,38.00,'Dîner enfant x 1 = 10.0;Dîner adulte x 1 = 16.0;Déj. adulte x 1 = 12.0','2018-06-14 22:13:23','2018-06-14 22:13:23',1,NULL),(129,49,12.00,'Dîner enfant x 1 = 10.0;Déj. adulte x 1 = 12.0;Dîner enfant x -1 = -10.0','2018-06-14 22:13:35','2018-06-14 22:13:35',1,NULL),(130,52,20.00,'Déj. adulte x 1 = 12.0;Déj. enfant x 1 = 8.0','2018-06-17 18:54:13','2018-06-17 18:54:13',1,NULL),(131,51,18.00,'Dîner enfant x 1 = 10.0;Déj. enfant x 1 = 8.0','2018-06-17 18:54:21','2018-06-17 18:54:21',1,NULL),(132,50,26.00,'Dîner enfant x 1 = 10.0;Dîner adulte x 1 = 16.0','2018-06-17 18:54:28','2018-06-17 18:54:28',1,NULL),(133,61,0.00,'','2018-06-21 20:57:26','2018-06-21 20:57:26',1,NULL),(134,62,0.00,'','2018-06-21 21:12:56','2018-06-21 21:12:56',1,NULL),(135,65,26.00,'Dîner enfant x 1 = 10.0;Dîner adulte x 1 = 16.0','2018-06-21 21:13:02','2018-06-21 21:13:02',1,NULL),(136,65,10.00,'Dîner enfant x 1 = 10.0;Dîner adulte x 2 = 32.0;Dîner adulte x -2 = -32.0','2018-06-21 21:14:05','2018-06-21 21:14:05',1,NULL),(137,67,10.00,'Dîner enfant x 1 = 10.0','2018-06-21 21:24:36','2018-06-21 21:24:36',1,NULL),(138,59,46.00,'Dîner enfant x 1 = 10.0;Déj. adulte x 1 = 12.0;Déj. enfant x 1 = 8.0;Dîner adulte x 1 = 16.0','2018-06-21 21:24:58','2018-06-21 21:24:58',1,NULL),(139,59,30.00,'Dîner enfant x 1 = 10.0;Déj. adulte x 1 = 12.0;Déj. enfant x 1 = 8.0;Dîner adulte x 1 = 16.0;Dîner adulte x -1 = -16.0','2018-06-21 21:31:40','2018-06-21 21:31:40',1,NULL),(140,59,46.00,'Dîner enfant x 1 = 10.0;Déj. adulte x 1 = 12.0;Déj. enfant x 1 = 8.0;Dîner adulte x 1 = 16.0','2018-06-21 21:34:07','2018-06-21 21:34:07',1,NULL),(141,60,12.00,'Déj. adulte x 1 = 12.0','2018-06-21 21:34:20','2018-06-21 21:34:20',1,NULL),(142,60,22.00,'Déj. adulte x 1 = 12.0;Dîner enfant x 1 = 10.0','2018-06-21 21:35:59','2018-06-21 21:35:59',1,NULL),(143,69,10.00,'Dîner enfant x 1 = 10.0','2018-06-21 21:47:40','2018-06-21 21:47:40',1,NULL),(144,70,0.00,'','2018-06-22 21:17:28','2018-06-22 21:17:28',1,NULL),(145,73,0.00,'','2018-06-22 21:22:53','2018-06-22 21:22:53',1,NULL),(146,72,109.80,'Vin rouge 33cl x 1 = 5.9;MoTai x 1 = 100.0;Cocacola x 1 = 3.9','2018-06-22 21:22:58','2018-06-22 21:22:58',1,NULL),(147,74,0.00,'','2018-06-22 21:51:19','2018-06-22 21:51:19',1,NULL),(148,75,26.00,'Dîner adulte x 1 = 16.0;Dîner enfant x 1 = 10.0','2018-06-22 21:56:34','2018-06-22 21:56:34',1,NULL),(149,75,42.00,'Dîner adulte x 2 = 32.0;Dîner enfant x 1 = 10.0','2018-06-22 21:56:41','2018-06-22 21:56:41',1,NULL),(150,76,46.00,'Déj. adulte x 1 = 12.0;Déj. enfant x 1 = 8.0;Dîner enfant x 1 = 10.0;Dîner adulte x 1 = 16.0','2018-06-22 22:01:27','2018-06-22 22:02:07',0,NULL),(151,71,0.00,'','2018-06-22 22:02:30','2018-06-22 22:02:30',1,NULL),(152,68,0.00,'','2018-06-22 22:02:38','2018-06-22 22:02:38',1,NULL),(153,66,0.00,'','2018-06-22 22:02:42','2018-06-22 22:02:42',1,NULL),(154,64,0.00,'','2018-06-22 22:02:48','2018-06-22 22:02:48',1,NULL),(155,63,0.00,'','2018-06-22 22:02:52','2018-06-22 22:02:52',1,NULL),(156,79,26.00,'Dîner adulte x 1 = 16.0;Dîner enfant x 1 = 10.0','2018-06-25 19:10:06','2018-06-25 19:10:10',0,NULL),(157,80,19.90,'Déj. enfant x 1 = 8.0;Dîner enfant x 1 = 10.0;Badoit 30cl x 1 = 1.9','2018-06-25 19:51:15','2018-06-25 19:51:35',0,NULL),(158,81,30.00,'Déj. adulte x 1 = 12.0;Déj. enfant x 1 = 8.0;Dîner enfant x 1 = 10.0','2018-06-25 20:41:47','2018-06-25 20:41:48',0,NULL),(159,82,12.00,'Déj. adulte x 1 = 12.0','2018-06-25 20:47:50','2018-06-25 20:47:52',0,NULL),(160,83,26.00,'Dîner adulte x 1 = 16.0;Dîner enfant x 1 = 10.0','2018-06-26 21:04:51','2018-06-26 21:04:51',1,NULL),(161,84,34.00,'Déj. enfant x 1 = 8.0;Dîner enfant x 1 = 10.0;Dîner adulte x 1 = 16.0','2018-06-26 21:06:20','2018-06-26 21:06:26',0,NULL),(162,85,46.00,'Déj. adulte x 1 = 12.0;Déj. enfant x 1 = 8.0;Dîner adulte x 1 = 16.0;Dîner enfant x 1 = 10.0','2018-06-26 21:44:21','2018-06-26 21:44:24',0,NULL),(163,86,26.00,'Dîner adulte x 1 = 16.0;Dîner enfant x 1 = 10.0','2018-06-26 21:48:27','2018-06-26 21:48:30',0,NULL),(164,87,12.00,'Déj. adulte x 1 = 12.0','2018-06-27 19:10:23','2018-06-27 19:10:25',0,NULL),(165,88,8.00,'Déj. enfant x 1 = 8.0','2018-06-27 19:36:12','2018-06-27 19:36:16',0,NULL),(166,89,20.00,'Déj. adulte x 1 = 12.0;Déj. enfant x 1 = 8.0','2018-06-27 19:48:15','2018-06-27 19:48:17',0,NULL),(167,90,20.00,'Déj. adulte x 1 = 12.0;Déj. enfant x 1 = 8.0','2018-06-27 20:53:16','2018-06-27 20:53:18',0,NULL),(168,91,192.51,'Déj. enfant x 2 = 16.0;Dîner enfant x 2 = 20.0;Dîner adulte x 1 = 16.0;Déj. adulte x 1 = 12.0;MoTai x 1 = 100.0;Vin rouge 33cl x 1 = 5.9;Cocacola x 1 = 3.9;Badoit 30cl x 1 = 1.9;Café x 1 = 5.91;gong bao ji ding x 1 = 10.9','2018-06-27 21:20:21','2018-06-27 21:36:05',0,NULL),(169,92,30.00,'Déj. enfant x 1 = 8.0;Dîner enfant x 1 = 10.0;Déj. adulte x 1 = 12.0;Dîner adulte x 1 = 16.0;Dîner adulte x -1 = -16.0','2018-06-28 20:27:33','2018-06-28 20:27:38',0,NULL),(170,92,46.00,'Déj. enfant x 1 = 8.0;Dîner enfant x 1 = 10.0;Déj. adulte x 1 = 12.0;Dîner adulte x 1 = 16.0','2018-06-28 20:27:54','2018-06-28 20:27:54',1,NULL),(171,92,57.70,'Déj. enfant x 1 = 8.0;Dîner enfant x 1 = 10.0;Déj. adulte x 1 = 12.0;Dîner adulte x 1 = 16.0;Badoit 30cl x 1 = 1.9;Cocacola x 1 = 3.9;Vin rouge 33cl x 1 = 5.9','2018-06-28 20:30:25','2018-06-28 20:30:25',1,NULL),(172,93,12.00,'Déj. adulte x 1 = 12.0','2018-06-28 20:31:35','2018-06-28 20:32:05',0,NULL),(173,93,22.00,'Déj. adulte x 1 = 12.0;Dîner enfant x 1 = 10.0','2018-06-28 20:32:37','2018-06-28 20:32:37',1,NULL),(174,93,48.00,'Déj. adulte x 1 = 12.0;Dîner enfant x 2 = 20.0;Dîner adulte x 1 = 16.0','2018-06-28 20:32:54','2018-06-28 20:32:54',1,NULL),(175,93,64.00,'Déj. adulte x 1 = 12.0;Dîner enfant x 2 = 20.0;Dîner adulte x 2 = 32.0','2018-06-28 20:33:15','2018-06-28 20:33:15',1,NULL),(176,93,74.00,'Déj. adulte x 1 = 12.0;Dîner enfant x 3 = 30.0;Dîner adulte x 2 = 32.0','2018-06-28 20:34:10','2018-06-28 20:34:10',1,NULL),(177,94,26.00,'Dîner enfant x 1 = 10.0;Dîner adulte x 1 = 16.0','2018-06-28 20:35:03','2018-06-28 20:35:04',0,NULL),(178,95,26.00,'Dîner enfant x 1 = 10.0;Dîner adulte x 1 = 16.0','2018-06-28 20:52:59','2018-06-28 20:53:00',0,NULL),(179,96,26.00,'Dîner enfant x 1 = 10.0;Dîner adulte x 1 = 16.0','2018-06-28 21:00:44','2018-06-28 21:00:46',0,NULL),(180,97,26.00,'Dîner enfant x 1 = 10.0;Dîner adulte x 1 = 16.0','2018-06-28 21:04:04','2018-06-28 21:04:39',0,NULL),(181,98,26.00,'Dîner enfant x 1 = 10.0;Dîner adulte x 1 = 16.0','2018-06-28 21:04:30','2018-06-28 21:04:33',0,NULL),(182,99,16.00,'Dîner adulte x 1 = 16.0','2018-06-28 21:11:26','2018-06-28 21:15:42',0,NULL),(183,100,24.00,'Dîner adulte x 1 = 16.0;Déj. enfant x 1 = 8.0','2018-06-28 21:18:00','2018-06-28 21:39:04',0,NULL),(184,101,16.00,'Dîner adulte x 1 = 16.0','2018-06-28 21:49:58','2018-06-28 21:50:00',0,NULL),(185,102,18.00,'Dîner enfant x 1 = 10.0;Déj. enfant x 1 = 8.0','2018-06-28 21:52:41','2018-06-28 21:52:41',1,NULL),(186,103,12.00,'Déj. adulte x 1 = 12.0','2018-06-28 21:56:04','2018-06-28 21:56:05',0,NULL),(187,104,345.01,'Dîner adulte x 4 = 64.0;Dîner enfant x 1 = 10.0;Déj. adulte x 1 = 12.0;Déj. enfant x 1 = 8.0;Badoit 30cl x 4 = 7.6;MoTai x 2 = 200.0;Cocacola x 1 = 3.9;Vin rouge 33cl x 2 = 11.8;Café x 1 = 5.91;gong bao ji ding x 2 = 21.8','2018-06-29 17:34:56','2018-06-29 17:35:26',0,NULL),(188,104,313.01,'Dîner adulte x 4 = 64.0;Dîner enfant x 1 = 10.0;Déj. adulte x 1 = 12.0;Déj. enfant x 1 = 8.0;Badoit 30cl x 4 = 7.6;MoTai x 2 = 200.0;Cocacola x 1 = 3.9;Vin rouge 33cl x 2 = 11.8;Café x 1 = 5.91;gong bao ji ding x 2 = 21.8;Dîner adulte x -2 = -32.0','2018-06-29 17:59:16','2018-06-29 17:59:16',1,NULL),(189,104,345.01,'Dîner adulte x 4 = 64.0;Dîner enfant x 1 = 10.0;Déj. adulte x 1 = 12.0;Déj. enfant x 1 = 8.0;Badoit 30cl x 4 = 7.6;MoTai x 2 = 200.0;Cocacola x 1 = 3.9;Vin rouge 33cl x 2 = 11.8;Café x 1 = 5.91;gong bao ji ding x 2 = 21.8','2018-06-29 18:03:09','2018-06-29 18:03:09',1,NULL),(190,105,16.00,'Déj. enfant x 2 = 16.0','2018-06-29 18:04:07','2018-06-29 18:04:07',1,NULL),(191,105,8.00,'Déj. enfant x 2 = 16.0;Déj. enfant x -1 = -8.0','2018-06-29 18:04:32','2018-06-29 18:04:32',1,NULL),(192,105,20.00,'Déj. enfant x 2 = 16.0;Déj. enfant x -1 = -8.0;Déj. adulte x 1 = 12.0','2018-06-29 18:14:09','2018-06-29 18:14:09',1,NULL),(193,106,18.00,'Déj. enfant x 1 = 8.0;Dîner enfant x 1 = 10.0','2018-06-29 18:15:00','2018-06-29 18:15:26',0,NULL),(194,107,20.00,'Déj. enfant x 1 = 8.0;Déj. adulte x 1 = 12.0','2018-06-29 18:26:55','2018-06-29 18:26:55',1,NULL),(195,107,86.00,'Déj. enfant x 3 = 24.0;Déj. adulte x 3 = 36.0;Dîner adulte x 1 = 16.0;Dîner enfant x 1 = 10.0','2018-06-29 18:54:39','2018-06-29 18:54:39',1,NULL),(196,107,96.00,'Déj. enfant x 3 = 24.0;Déj. adulte x 3 = 36.0;Dîner adulte x 1 = 16.0;Dîner enfant x 2 = 20.0','2018-06-29 18:54:57','2018-06-29 18:54:57',1,NULL),(197,108,20.00,'Déj. adulte x 1 = 12.0;Déj. enfant x 1 = 8.0','2018-06-29 18:55:27','2018-06-29 18:55:29',0,NULL),(198,109,82.00,'Dîner adulte x 2 = 32.0;Déj. adulte x 2 = 24.0;Déj. enfant x 2 = 16.0;Dîner enfant x 1 = 10.0','2018-06-29 18:57:01','2018-06-29 18:57:03',0,NULL),(199,109,87.91,'Dîner adulte x 2 = 32.0;Déj. adulte x 2 = 24.0;Déj. enfant x 2 = 16.0;Dîner enfant x 1 = 10.0;Café x 1 = 5.91','2018-06-29 18:57:16','2018-06-29 18:57:16',1,NULL),(200,109,97.91,'Dîner adulte x 2 = 32.0;Déj. adulte x 2 = 24.0;Déj. enfant x 2 = 16.0;Dîner enfant x 2 = 20.0;Café x 1 = 5.91','2018-06-29 18:58:14','2018-06-29 18:58:14',1,NULL),(201,109,92.00,'Dîner adulte x 2 = 32.0;Déj. adulte x 2 = 24.0;Déj. enfant x 2 = 16.0;Dîner enfant x 2 = 20.0;Café x 1 = 5.91;Café x -1 = -5.91','2018-06-29 18:59:27','2018-06-29 18:59:27',1,NULL),(202,110,26.00,'Dîner adulte x 1 = 16.0;Dîner enfant x 1 = 10.0','2018-06-29 19:00:09','2018-06-29 19:00:11',0,NULL),(203,110,44.00,'Dîner adulte x 1 = 16.0;Dîner enfant x 2 = 20.0;Déj. enfant x 1 = 8.0','2018-06-29 19:00:25','2018-06-29 19:00:25',1,NULL),(204,110,54.00,'Dîner adulte x 1 = 16.0;Dîner enfant x 3 = 30.0;Déj. enfant x 1 = 8.0','2018-07-02 21:43:45','2018-07-02 22:00:06',0,NULL),(205,110,24.00,'Dîner adulte x 1 = 16.0;Dîner enfant x 4 = 40.0;Déj. enfant x 1 = 8.0;Dîner enfant x -4 = -40.0','2018-07-03 19:48:00','2018-07-03 19:48:02',0,NULL),(206,110,35.70,'Dîner adulte x 1 = 16.0;Dîner enfant x 4 = 40.0;Déj. enfant x 1 = 8.0;Dîner enfant x -4 = -40.0;Vin rouge 33cl x 1 = 5.9;Cocacola x 1 = 3.9;Badoit 30cl x 1 = 1.9','2018-07-03 19:48:33','2018-07-03 19:48:34',0,NULL),(207,111,26.00,'Dîner enfant x 1 = 10.0;Dîner adulte x 1 = 16.0','2018-07-03 20:00:42','2018-07-03 20:12:35',0,NULL),(208,110,81.60,'Dîner adulte x 1 = 16.0;Dîner enfant x 4 = 40.0;Déj. enfant x 1 = 8.0;Vin rouge 33cl x 2 = 11.8;Cocacola x 1 = 3.9;Badoit 30cl x 1 = 1.9','2018-07-03 20:06:53','2018-07-03 20:06:53',1,NULL),(209,111,50.80,'Dîner enfant x 2 = 20.0;Dîner adulte x 1 = 16.0;Cocacola x 1 = 3.9;gong bao ji ding x 1 = 10.9','2018-07-03 20:12:49','2018-07-03 20:12:50',0,NULL),(210,111,39.90,'Dîner enfant x 2 = 20.0;Dîner adulte x 1 = 16.0;Cocacola x 1 = 3.9;gong bao ji ding x 1 = 10.9;gong bao ji ding x -1 = -10.9','2018-07-03 20:13:02','2018-07-03 20:13:03',0,NULL),(211,112,117.61,'Café x 1 = 5.91;Cocacola x 1 = 3.9;Vin rouge 33cl x 1 = 5.9;Badoit 30cl x 1 = 1.9;MoTai x 1 = 100.0','2018-07-03 20:26:17','2018-07-03 20:26:18',0,NULL),(212,113,46.00,'Déj. adulte x 1 = 12.0;Déj. enfant x 1 = 8.0;Dîner adulte x 1 = 16.0;Dîner enfant x 1 = 10.0','2018-07-03 20:39:51','2018-07-03 20:40:00',0,'98600c6226c7f58c12f3'),(213,113,49.90,'Déj. adulte x 1 = 12.0;Déj. enfant x 1 = 8.0;Dîner adulte x 1 = 16.0;Dîner enfant x 1 = 10.0;Cocacola x 1 = 3.9','2018-07-03 20:40:13','2018-07-03 20:40:15',0,'52e4ac605fca9c358cf0'),(214,114,24.00,'Dîner adulte x 1 = 16.0;Déj. enfant x 1 = 8.0','2018-07-03 20:55:30','2018-07-03 20:55:40',0,'618aa76e6a935d8f9258'),(215,115,24.00,'Dîner adulte x 1 = 16.0;Déj. enfant x 1 = 8.0','2018-07-03 21:13:59','2018-07-03 21:14:00',0,'45d5c331c4e170728c9c'),(216,116,24.00,'Dîner adulte x 1 = 16.0;Déj. enfant x 1 = 8.0','2018-07-04 20:24:33','2018-07-05 21:42:08',0,'a17a88cd150ecde688d1'),(217,117,137.71,'Dîner enfant x 1 = 10.0;Dîner adulte x 1 = 16.0;Cocacola x 1 = 3.9;Badoit 30cl x 1 = 1.9;Café x 1 = 5.91;MoTai x 1 = 100.0','2018-07-08 19:26:29','2018-07-08 19:26:32',0,'1976ab898de104c7488b'),(218,117,237.71,'Dîner enfant x 1 = 10.0;Dîner adulte x 1 = 16.0;Cocacola x 1 = 3.9;Badoit 30cl x 1 = 1.9;Café x 1 = 5.91;MoTai x 2 = 200.0','2018-07-08 19:41:16','2018-07-08 19:41:18',0,'b55b07cc388642426300'),(219,117,247.51,'Dîner enfant x 1 = 10.0;Dîner adulte x 1 = 16.0;Cocacola x 2 = 7.8;Badoit 30cl x 1 = 1.9;Café x 1 = 5.91;MoTai x 2 = 200.0;Vin rouge 33cl x 1 = 5.9','2018-07-08 19:43:26','2018-07-08 19:43:28',0,'c629c8cf01e011f563ec'),(220,117,253.42,'Dîner enfant x 1 = 10.0;Dîner adulte x 1 = 16.0;Cocacola x 2 = 7.8;Badoit 30cl x 1 = 1.9;Café x 2 = 11.82;MoTai x 2 = 200.0;Vin rouge 33cl x 1 = 5.9','2018-07-08 19:44:06','2018-07-08 19:44:08',0,'a7c74c9488b680703455'),(221,117,263.42,'Dîner enfant x 2 = 20.0;Dîner adulte x 1 = 16.0;Cocacola x 2 = 7.8;Badoit 30cl x 1 = 1.9;Café x 2 = 11.82;MoTai x 2 = 200.0;Vin rouge 33cl x 1 = 5.9','2018-07-08 19:44:15','2018-07-08 19:44:16',0,'7cdb4b0142c54e45434e'),(222,117,163.42,'Dîner enfant x 2 = 20.0;Dîner adulte x 1 = 16.0;Cocacola x 2 = 7.8;Badoit 30cl x 1 = 1.9;Café x 2 = 11.82;MoTai x 2 = 200.0;Vin rouge 33cl x 1 = 5.9;MoTai x -1 = -100.0','2018-07-08 19:50:28','2018-07-08 19:50:29',0,'8602cc13d48807bd9759'),(223,117,263.42,'Dîner enfant x 2 = 20.0;Dîner adulte x 1 = 16.0;Cocacola x 2 = 7.8;Badoit 30cl x 1 = 1.9;Café x 2 = 11.82;MoTai x 2 = 200.0;Vin rouge 33cl x 1 = 5.9','2018-07-08 20:00:39','2018-07-08 20:00:39',1,'c10ea764495f4a16c858'),(224,117,257.52,'Dîner enfant x 2 = 20.0;Dîner adulte x 1 = 16.0;Cocacola x 2 = 7.8;Badoit 30cl x 1 = 1.9;Café x 2 = 11.82;MoTai x 2 = 200.0;Vin rouge 33cl x 1 = 5.9;Vin rouge 33cl x -1 = -5.9','2018-07-08 20:00:49','2018-07-08 20:10:55',0,'9cc74ded60c5fcdfa6ca'),(225,118,24.00,'Dîner adulte x 1 = 16.0;Déj. enfant x 1 = 8.0','2018-07-08 20:10:26','2018-07-08 20:13:42',0,'8771893ee9d9583cc4b6'),(226,118,36.00,'Dîner adulte x 1 = 16.0;Déj. enfant x 1 = 8.0;Déj. adulte x 1 = 12.0','2018-07-08 20:33:43','2018-07-08 20:33:43',1,'b5b16db3f36c995d94d1'),(227,119,34.00,'Dîner adulte x 1 = 16.0;Déj. enfant x 1 = 8.0;Dîner enfant x 1 = 10.0','2018-07-08 20:45:10','2018-07-08 21:40:22',0,'9bc102452d2c543dbd22'),(228,120,28.00,'Déj. adulte x 1 = 12.0;Dîner adulte x 1 = 16.0','2018-07-08 21:10:54','2018-07-08 21:10:54',1,'8ae793683fc3e8152f16'),(229,121,24.00,'Dîner adulte x 1 = 16.0;Déj. enfant x 1 = 8.0','2018-07-08 21:21:08','2018-07-08 21:21:08',1,'4902a80284bfadb4965c'),(230,121,34.00,'Dîner adulte x 1 = 16.0;Déj. enfant x 1 = 8.0;Dîner enfant x 1 = 10.0','2018-07-08 21:22:05','2018-07-08 21:22:05',1,'504e54004f98544d2362'),(231,122,24.00,'Dîner adulte x 1 = 16.0;Déj. enfant x 1 = 8.0','2018-07-08 21:23:13','2018-07-08 21:23:13',1,'d605303943b07a22e390'),(232,123,24.00,'Dîner adulte x 1 = 16.0;Déj. enfant x 1 = 8.0','2018-07-08 21:29:28','2018-07-08 21:29:28',1,'4b4a1f66a4977f5c4501'),(233,124,26.00,'Dîner adulte x 1 = 16.0;Dîner enfant x 1 = 10.0','2018-07-08 21:46:05','2018-07-08 21:46:07',0,'9fc24f94c0d7f74c153f'),(234,124,44.00,'Dîner adulte x 1 = 16.0;Dîner enfant x 2 = 20.0;Déj. enfant x 1 = 8.0','2018-07-08 21:47:09','2018-07-08 21:47:09',1,'788a26e1817898f1be86'),(235,125,12.00,'Déj. adulte x 1 = 12.0','2018-07-08 22:01:47','2018-07-08 22:01:47',1,'a903eae8f3a19551f6f3'),(236,125,22.00,'Déj. adulte x 1 = 12.0;Dîner enfant x 1 = 10.0','2018-07-08 22:02:15','2018-07-08 22:02:15',1,'3170736aa1e67613af2b'),(237,125,38.00,'Déj. adulte x 1 = 12.0;Dîner enfant x 1 = 10.0;Dîner adulte x 1 = 16.0','2018-07-08 22:06:36','2018-07-08 22:06:46',0,'0eee968084f171feef45'),(238,126,25.90,'Déj. adulte x 1 = 12.0;Dîner enfant x 1 = 10.0;Cocacola x 1 = 3.9','2018-07-09 19:57:13','2018-07-09 19:57:14',0,'2dcfc613376867d9cb57'),(239,127,24.00,'Dîner adulte x 1 = 16.0;Déj. enfant x 1 = 8.0','2018-07-09 20:48:50','2018-07-09 20:48:52',0,'1be76dc6f2c62117a32c'),(240,128,46.00,'Dîner enfant x 1 = 10.0;Dîner adulte x 1 = 16.0;Déj. enfant x 1 = 8.0;Déj. adulte x 1 = 12.0','2018-07-09 21:03:39','2018-07-09 21:03:40',0,'bdd8953db0cde207f603'),(241,129,46.00,'Dîner adulte x 1 = 16.0;Dîner enfant x 1 = 10.0;Déj. enfant x 1 = 8.0;Déj. adulte x 1 = 12.0','2018-07-09 21:07:26','2018-07-09 21:07:35',0,'25caad95b3422500e967'),(242,130,24.00,'Dîner adulte x 1 = 16.0;Déj. enfant x 1 = 8.0','2018-07-09 21:11:34','2018-07-09 21:11:36',0,'a430d74914768a7a145f'),(243,131,18.00,'Dîner enfant x 1 = 10.0;Déj. enfant x 1 = 8.0','2018-07-09 21:37:29','2018-07-09 21:37:31',0,'d6a3f89cbb16f0476e7b'),(244,132,46.00,'Dîner enfant x 1 = 10.0;Déj. enfant x 1 = 8.0;Dîner adulte x 1 = 16.0;Déj. adulte x 1 = 12.0','2018-07-09 21:39:36','2018-07-09 21:39:40',0,'5d2711c137ed19ce5429'),(245,133,34.00,'Dîner adulte x 1 = 16.0;Dîner enfant x 1 = 10.0;Déj. enfant x 1 = 8.0','2018-07-11 17:15:57','2018-07-11 17:15:59',0,'996e780f8bed04ad480d'),(246,133,44.00,'Dîner adulte x 1 = 16.0;Dîner enfant x 2 = 20.0;Déj. enfant x 1 = 8.0','2018-07-11 17:16:20','2018-07-11 17:16:22',0,'90c33106712bc3572cd5'),(247,134,192.50,'Déj. enfant x 3 = 24.0;Déj. adulte x 2 = 24.0;Dîner adulte x 1 = 16.0;Cocacola x 1 = 3.9;Vin rouge 33cl x 2 = 11.8;MoTai x 1 = 100.0;Badoit 30cl x 1 = 1.9;gong bao ji ding x 1 = 10.9','2018-07-11 18:03:29','2018-07-11 18:03:29',1,'d9cfdd732c3fe4eb6e41'),(248,134,361.81,'Déj. enfant x 3 = 24.0;Déj. adulte x 2 = 24.0;Dîner adulte x 2 = 32.0;Cocacola x 3 = 11.7;Vin rouge 33cl x 3 = 17.7;MoTai x 2 = 200.0;Badoit 30cl x 2 = 3.8;gong bao ji ding x 3 = 32.7;Café x 1 = 5.91;Dîner enfant x 1 = 10.0','2018-07-11 18:04:31','2018-07-11 18:04:40',0,'7a24fd48eae907deeca8'),(249,134,229.01,'Déj. enfant x 3 = 24.0;Déj. adulte x 2 = 24.0;Dîner adulte x 2 = 32.0;Cocacola x 3 = 11.7;Vin rouge 33cl x 3 = 17.7;MoTai x 2 = 200.0;Badoit 30cl x 2 = 3.8;gong bao ji ding x 3 = 32.7;Café x 1 = 5.91;Dîner enfant x 1 = 10.0;Dîner enfant x -2 = -20.0;gong bao ji ding x -1 = -10.9;MoTai x -1 = -100.0;Badoit 30cl x -1 = -1.9','2018-07-11 18:07:25','2018-07-11 18:07:35',0,'53b9adf9a88250e98861'),(250,135,46.00,'Dîner enfant x 1 = 10.0;Déj. enfant x 1 = 8.0;Dîner adulte x 1 = 16.0;Déj. adulte x 1 = 12.0','2018-07-11 18:21:33','2018-07-11 18:21:38',0,'0769e43714039e7537cb'),(251,135,34.00,'Dîner enfant x 1 = 10.0;Déj. enfant x 1 = 8.0;Dîner adulte x 1 = 16.0;Déj. adulte x 1 = 12.0;Déj. adulte x -1 = -12.0','2018-07-11 18:24:56','2018-07-11 18:25:01',0,'43017076a89d02a49244'),(252,135,46.00,'Dîner enfant x 1 = 10.0;Déj. enfant x 1 = 8.0;Dîner adulte x 1 = 16.0;Déj. adulte x 1 = 12.0','2018-07-11 18:29:50','2018-07-11 18:29:51',0,'1698ea427080822083b3'),(253,135,56.00,'Dîner enfant x 2 = 20.0;Déj. enfant x 1 = 8.0;Dîner adulte x 1 = 16.0;Déj. adulte x 1 = 12.0','2018-07-11 18:31:52','2018-07-11 18:31:56',0,'e8bac99d965054417d24'),(254,135,64.00,'Dîner enfant x 2 = 20.0;Déj. enfant x 2 = 16.0;Dîner adulte x 1 = 16.0;Déj. adulte x 1 = 12.0','2018-07-11 18:36:20','2018-07-11 18:36:22',0,'da2cbfb77af4063d61e3'),(255,135,67.90,'Dîner enfant x 2 = 20.0;Déj. enfant x 2 = 16.0;Dîner adulte x 1 = 16.0;Déj. adulte x 1 = 12.0;Cocacola x 1 = 3.9','2018-07-11 18:36:59','2018-07-11 18:37:00',0,'9a478984720fc46d6c22'),(256,135,77.90,'Dîner enfant x 3 = 30.0;Déj. enfant x 2 = 16.0;Dîner adulte x 1 = 16.0;Déj. adulte x 1 = 12.0;Cocacola x 1 = 3.9','2018-07-11 18:39:43','2018-07-11 18:39:45',0,'1465c06a4f8ede140056'),(257,135,45.90,'Dîner enfant x 3 = 30.0;Déj. enfant x 2 = 16.0;Dîner adulte x 1 = 16.0;Déj. adulte x 1 = 12.0;Cocacola x 1 = 3.9;Dîner adulte x -2 = -32.0','2018-07-11 18:42:10','2018-07-11 18:42:19',0,'10efaa3ef56f184ffb9e'),(258,135,35.90,'Dîner enfant x 3 = 30.0;Déj. enfant x 2 = 16.0;Dîner adulte x 1 = 16.0;Déj. adulte x 1 = 12.0;Cocacola x 1 = 3.9;Dîner adulte x -2 = -32.0;Dîner enfant x -1 = -10.0','2018-07-11 18:43:54','2018-07-11 18:43:55',0,'3041458e1f0823e2ee67'),(259,135,39.80,'Dîner enfant x 3 = 30.0;Déj. enfant x 2 = 16.0;Dîner adulte x 1 = 16.0;Déj. adulte x 1 = 12.0;Cocacola x 2 = 7.8;Dîner adulte x -2 = -32.0;Dîner enfant x -1 = -10.0','2018-07-11 18:44:07','2018-07-11 18:44:10',0,'68ff65b2b56e415939d4'),(260,135,19.80,'Dîner enfant x 3 = 30.0;Déj. enfant x 2 = 16.0;Dîner adulte x 1 = 16.0;Déj. adulte x 1 = 12.0;Cocacola x 2 = 7.8;Dîner adulte x -2 = -32.0;Dîner enfant x -3 = -30.0','2018-07-11 18:53:04','2018-07-11 18:53:09',0,'553b3d130e1c2a91567e'),(261,135,-12.20,'Dîner enfant x 3 = 30.0;Déj. enfant x 2 = 16.0;Dîner adulte x 1 = 16.0;Déj. adulte x 1 = 12.0;Cocacola x 2 = 7.8;Dîner adulte x -4 = -64.0;Dîner enfant x -3 = -30.0','2018-07-11 18:55:05','2018-07-11 18:55:11',0,'4e0a9d8740e345caad39'),(262,135,-0.20,'Dîner enfant x 3 = 30.0;Déj. enfant x 2 = 16.0;Dîner adulte x 1 = 16.0;Déj. adulte x 2 = 24.0;Cocacola x 2 = 7.8;Dîner adulte x -4 = -64.0;Dîner enfant x -3 = -30.0','2018-07-12 20:29:26','2018-07-12 20:29:26',1,'037e5556dc4a0bd3b938'),(263,136,34.00,'Déj. enfant x 1 = 8.0;Dîner adulte x 1 = 16.0;Dîner enfant x 1 = 10.0','2018-07-16 19:55:35','2018-07-16 20:41:46',0,'21562574472b884de2e2'),(264,136,44.00,'Déj. enfant x 1 = 8.0;Dîner adulte x 1 = 16.0;Dîner enfant x 2 = 20.0','2018-07-16 20:42:24','2018-07-17 21:18:23',0,'18071758'),(265,137,28.70,'Déj. adulte x 1 = 12.0;Badoit 30cl x 1 = 1.9;Cocacola x 1 = 3.9;gong bao ji ding x 1 = 10.9','2018-07-19 20:47:01','2018-07-19 20:47:29',1,'180719c0'),(266,138,23.90,'Déj. adulte x 1 = 12.0;Dîner enfant x 1 = 10.0;Badoit 30cl x 1 = 1.9','2018-07-19 20:57:14','2018-07-19 21:08:16',1,'18071926'),(267,139,34.00,'Dîner adulte x 1 = 16.0;Dîner enfant x 1 = 10.0;Déj. enfant x 1 = 8.0','2018-07-22 19:05:44','2018-07-22 20:02:06',1,'1807222e'),(268,140,28.80,'Déj. adulte x 1 = 12.0;Vin rouge 33cl x 1 = 5.9;gong bao ji ding x 1 = 10.9','2018-07-22 20:48:26','2018-07-22 20:48:28',1,'180722be'),(269,140,32.70,'Déj. adulte x 1 = 12.0;Vin rouge 33cl x 1 = 5.9;gong bao ji ding x 1 = 10.9;Cocacola x 1 = 3.9','2018-07-22 20:49:10','2018-07-22 20:49:11',1,'18072200'),(270,141,26.00,'Dîner adulte x 1 = 16.0;Dîner enfant x 1 = 10.0','2018-07-22 21:05:27','2018-07-22 21:12:23',1,'180722d0'),(271,142,37.91,'Déj. enfant x 2 = 16.0;Dîner adulte x 1 = 16.0;Café x 1 = 5.91','2018-07-22 21:30:05','2018-07-22 21:39:24',1,'1807226f'),(272,144,36.60,'Sancerre Rosé(75cl) x 1 = 22.8;Bandol(37,5) x 1 = 13.8','2018-09-06 21:26:15','2018-09-06 21:26:49',1,'18090605'),(273,143,11.50,'Vins(Rouge Rosé Blanc)(1/2) x 1 = 5.5;Vins(Rouge Rosé Blanc)(1/4) x 2 = 6.0','2018-09-08 14:58:08','2018-09-08 14:58:08',1,'180908d1'),(274,143,2.50,'Vins(Rouge Rosé Blanc)(1/2) x 1 = 5.5;Vins(Rouge Rosé Blanc)(1/4) x 2 = 6.0;Vins(Rouge Rosé Blanc)(1/4) x -3 = -9.0','2018-09-08 14:58:29','2018-09-08 14:58:29',1,'18090859');
/*!40000 ALTER TABLE `order_histories` ENABLE KEYS */;
UNLOCK TABLES;

--
-- Table structure for table `order_items`
--

DROP TABLE IF EXISTS `order_items`;
/*!40101 SET @saved_cs_client     = @@character_set_client */;
/*!40101 SET character_set_client = utf8 */;
CREATE TABLE `order_items` (
  `id` bigint(20) NOT NULL AUTO_INCREMENT,
  `item_id` int(11) DEFAULT NULL,
  `order_id` int(11) DEFAULT NULL,
  `quantity` int(11) DEFAULT NULL,
  `active` tinyint(1) DEFAULT '1',
  `created_at` datetime NOT NULL,
  `updated_at` datetime NOT NULL,
  PRIMARY KEY (`id`)
) ENGINE=InnoDB AUTO_INCREMENT=488 DEFAULT CHARSET=utf8;
/*!40101 SET character_set_client = @saved_cs_client */;

--
-- Dumping data for table `order_items`
--

LOCK TABLES `order_items` WRITE;
/*!40000 ALTER TABLE `order_items` DISABLE KEYS */;
INSERT INTO `order_items` VALUES (3,3,1,5,1,'2018-04-30 20:30:18','2018-05-22 09:43:46'),(4,4,1,4,1,'2018-04-30 20:30:19','2018-05-24 08:16:58'),(9,1,3,5,1,'2018-05-03 22:08:45','2018-05-16 21:43:36'),(10,2,3,4,1,'2018-05-03 22:08:47','2018-05-06 20:00:15'),(11,3,3,4,1,'2018-05-03 22:08:49','2018-05-06 20:00:20'),(12,4,3,3,1,'2018-05-03 22:08:51','2018-05-06 20:00:17'),(13,1,4,2,1,'2018-05-06 20:00:42','2018-05-29 20:28:03'),(14,4,4,2,1,'2018-05-06 20:00:44','2018-05-29 20:28:02'),(21,1,1,4,1,'2018-05-20 08:24:55','2018-05-22 09:25:43'),(22,2,1,2,1,'2018-05-22 09:25:23','2018-05-24 07:40:01'),(38,3,5,3,1,'2018-05-24 21:27:26','2018-05-30 22:06:01'),(40,1,5,2,1,'2018-05-24 21:51:56','2018-05-28 21:50:33'),(41,2,5,2,1,'2018-05-24 21:51:57','2018-05-28 21:50:34'),(44,5,5,3,1,'2018-05-27 21:45:58','2018-05-29 20:24:42'),(47,10,4,1,1,'2018-05-29 20:27:38','2018-05-29 20:27:38'),(48,5,4,2,1,'2018-05-29 20:27:54','2018-05-29 20:27:58'),(49,8,4,1,1,'2018-05-29 20:27:56','2018-05-29 20:27:56'),(50,7,4,1,1,'2018-05-29 20:27:56','2018-05-29 20:27:56'),(51,6,4,1,1,'2018-05-29 20:27:56','2018-05-29 20:27:56'),(52,9,4,1,1,'2018-05-29 20:27:59','2018-05-29 20:27:59'),(53,3,4,1,1,'2018-05-29 20:28:02','2018-05-29 20:28:02'),(54,2,4,1,1,'2018-05-29 20:28:03','2018-05-29 20:28:03'),(56,1,6,1,1,'2018-05-31 20:23:18','2018-05-31 20:23:18'),(57,4,7,1,1,'2018-05-31 20:23:47','2018-05-31 20:23:47'),(58,4,8,1,1,'2018-05-31 20:42:50','2018-05-31 20:42:50'),(59,3,8,1,1,'2018-05-31 20:42:51','2018-05-31 20:42:51'),(60,4,9,1,1,'2018-05-31 20:48:06','2018-05-31 20:48:06'),(61,1,10,1,1,'2018-05-31 20:52:26','2018-05-31 20:52:26'),(62,4,10,1,1,'2018-05-31 20:52:28','2018-05-31 20:52:28'),(63,3,11,1,1,'2018-05-31 20:59:51','2018-05-31 20:59:51'),(64,3,12,1,1,'2018-05-31 21:10:27','2018-05-31 21:10:27'),(65,4,12,1,1,'2018-05-31 21:10:28','2018-05-31 21:10:28'),(67,4,13,1,1,'2018-05-31 21:10:43','2018-05-31 21:10:43'),(68,3,13,1,1,'2018-05-31 21:10:44','2018-05-31 21:10:44'),(69,1,13,1,1,'2018-05-31 21:10:44','2018-05-31 21:10:44'),(70,3,14,1,1,'2018-05-31 21:45:08','2018-05-31 21:45:08'),(71,1,14,1,1,'2018-05-31 21:45:09','2018-05-31 21:45:09'),(72,2,14,1,1,'2018-05-31 21:45:28','2018-05-31 21:45:28'),(73,4,14,1,1,'2018-05-31 21:45:29','2018-05-31 21:45:29'),(80,8,15,3,1,'2018-05-31 21:46:41','2018-05-31 21:46:48'),(81,3,16,1,1,'2018-05-31 21:48:02','2018-05-31 21:48:02'),(82,1,16,1,1,'2018-05-31 21:48:02','2018-05-31 21:48:02'),(83,9,17,3,1,'2018-06-02 07:13:09','2018-06-02 07:13:14'),(84,2,17,1,1,'2018-06-02 07:21:21','2018-06-02 07:21:21'),(85,4,17,1,1,'2018-06-02 07:21:22','2018-06-02 07:21:22'),(86,3,17,1,1,'2018-06-02 07:21:23','2018-06-02 07:21:23'),(87,1,17,1,1,'2018-06-02 07:21:23','2018-06-02 07:21:23'),(88,5,17,1,1,'2018-06-02 07:21:27','2018-06-02 07:21:27'),(89,7,17,1,1,'2018-06-02 07:21:28','2018-06-02 07:21:28'),(90,6,17,1,1,'2018-06-02 07:21:29','2018-06-02 07:21:29'),(91,8,17,1,1,'2018-06-02 07:21:30','2018-06-02 07:21:30'),(92,4,18,2,1,'2018-06-02 07:24:08','2018-06-02 07:24:21'),(93,3,18,2,1,'2018-06-02 07:24:09','2018-06-02 07:24:22'),(94,2,18,1,1,'2018-06-02 07:24:26','2018-06-02 07:24:26'),(95,2,19,1,1,'2018-06-02 07:27:35','2018-06-02 07:27:35'),(96,4,20,1,1,'2018-06-02 07:28:45','2018-06-02 07:28:45'),(97,1,21,1,1,'2018-06-02 12:27:48','2018-06-02 12:27:48'),(98,2,21,1,1,'2018-06-02 12:28:09','2018-06-02 12:28:18'),(99,5,21,1,1,'2018-06-02 12:28:21','2018-06-02 12:28:21'),(100,7,21,1,1,'2018-06-02 12:28:23','2018-06-02 12:28:23'),(102,4,23,1,1,'2018-06-02 12:33:51','2018-06-02 12:33:51'),(103,2,23,2,1,'2018-06-02 12:33:51','2018-06-02 12:44:11'),(104,3,23,1,1,'2018-06-02 12:33:53','2018-06-02 12:33:53'),(105,1,23,1,1,'2018-06-02 12:33:54','2018-06-02 12:33:54'),(106,6,23,1,1,'2018-06-02 12:33:57','2018-06-02 12:33:57'),(107,7,23,1,1,'2018-06-02 12:33:58','2018-06-02 12:33:58'),(108,8,23,1,1,'2018-06-02 12:33:59','2018-06-02 12:33:59'),(110,9,23,2,1,'2018-06-02 12:34:01','2018-06-02 12:35:27'),(111,10,23,1,1,'2018-06-02 12:34:29','2018-06-02 12:34:29'),(112,2,24,5,1,'2018-06-02 12:50:19','2018-06-02 12:50:59'),(113,4,24,1,1,'2018-06-02 12:50:57','2018-06-02 12:50:57'),(114,3,24,1,1,'2018-06-02 12:51:00','2018-06-02 12:51:00'),(115,1,25,1,1,'2018-06-05 20:37:43','2018-06-05 20:37:43'),(116,2,25,1,1,'2018-06-05 20:37:45','2018-06-05 20:37:45'),(117,3,26,1,1,'2018-06-05 20:41:22','2018-06-05 20:41:22'),(118,4,26,1,1,'2018-06-05 20:53:12','2018-06-05 20:53:12'),(120,4,27,1,1,'2018-06-06 19:29:28','2018-06-06 21:38:48'),(123,3,27,1,1,'2018-06-06 21:38:21','2018-06-06 21:38:21'),(124,1,28,1,1,'2018-06-06 21:39:43','2018-06-06 21:39:43'),(125,4,28,1,1,'2018-06-06 21:40:13','2018-06-06 21:40:13'),(140,4,29,2,1,'2018-06-09 06:27:46','2018-06-09 06:30:26'),(141,3,29,1,1,'2018-06-09 06:30:29','2018-06-09 06:30:29'),(142,1,29,1,1,'2018-06-09 06:31:40','2018-06-09 06:31:40'),(143,4,30,1,1,'2018-06-09 11:23:11','2018-06-09 11:23:11'),(144,3,30,1,1,'2018-06-09 11:23:12','2018-06-09 11:24:34'),(145,9,30,1,1,'2018-06-09 11:23:26','2018-06-09 11:23:26'),(147,4,31,2,1,'2018-06-09 11:26:28','2018-06-09 20:55:43'),(148,4,32,2,1,'2018-06-09 21:00:53','2018-06-09 21:01:12'),(149,5,32,3,1,'2018-06-09 21:01:58','2018-06-09 21:02:01'),(150,9,32,1,1,'2018-06-09 21:02:05','2018-06-09 21:02:05'),(151,4,32,-1,1,'2018-06-10 05:28:28','2018-06-10 05:28:28'),(152,1,33,4,1,'2018-06-10 06:30:28','2018-06-10 06:37:40'),(154,1,33,-4,1,'2018-06-10 06:37:42','2018-06-10 06:37:57'),(155,4,33,2,1,'2018-06-10 06:38:00','2018-06-10 06:38:52'),(156,3,33,1,1,'2018-06-10 06:38:53','2018-06-10 06:38:53'),(157,2,33,1,1,'2018-06-10 06:38:54','2018-06-10 06:38:54'),(158,1,34,2,1,'2018-06-10 09:50:26','2018-06-10 09:50:31'),(159,2,34,2,1,'2018-06-10 09:50:28','2018-06-10 09:50:29'),(160,4,34,2,1,'2018-06-10 09:50:33','2018-06-10 09:50:33'),(161,3,34,3,1,'2018-06-10 09:50:34','2018-06-10 09:50:36'),(162,8,34,1,1,'2018-06-10 09:50:40','2018-06-10 09:50:40'),(163,6,34,1,1,'2018-06-10 09:50:41','2018-06-10 09:50:41'),(164,7,34,1,1,'2018-06-10 09:50:41','2018-06-10 09:50:41'),(165,5,34,1,1,'2018-06-10 09:50:41','2018-06-10 09:50:41'),(166,10,34,1,1,'2018-06-10 09:50:43','2018-06-10 09:50:43'),(167,2,34,-1,1,'2018-06-10 09:51:41','2018-06-10 09:51:41'),(168,1,35,4,1,'2018-06-10 09:52:39','2018-06-10 09:53:21'),(169,2,35,4,1,'2018-06-10 09:52:39','2018-06-10 09:53:46'),(170,3,35,3,1,'2018-06-10 09:52:39','2018-06-10 09:52:40'),(179,2,35,-1,1,'2018-06-10 09:54:56','2018-06-10 09:54:56'),(180,9,35,3,1,'2018-06-10 09:59:30','2018-06-10 09:59:35'),(181,1,36,1,1,'2018-06-10 10:24:10','2018-06-10 10:24:10'),(182,3,37,2,1,'2018-06-10 10:24:24','2018-06-10 10:25:46'),(183,1,37,3,1,'2018-06-10 10:24:24','2018-06-10 10:26:25'),(184,4,36,1,1,'2018-06-10 10:25:31','2018-06-10 10:25:31'),(185,4,37,2,1,'2018-06-10 10:25:47','2018-06-10 10:26:13'),(186,2,37,2,1,'2018-06-10 10:25:47','2018-06-10 10:26:13'),(187,7,37,1,1,'2018-06-10 10:26:32','2018-06-10 10:26:32'),(188,2,37,-1,1,'2018-06-10 10:27:20','2018-06-10 10:27:20'),(189,1,37,-1,1,'2018-06-10 10:27:21','2018-06-10 10:27:21'),(190,1,38,2,1,'2018-06-10 10:36:19','2018-06-10 10:36:20'),(191,7,38,2,1,'2018-06-10 10:36:23','2018-06-10 10:36:23'),(193,1,39,2,1,'2018-06-10 10:45:20','2018-06-10 10:45:21'),(194,7,39,2,1,'2018-06-10 10:45:23','2018-06-10 10:45:24'),(196,7,39,-1,1,'2018-06-10 10:54:00','2018-06-10 10:54:00'),(197,6,39,4,1,'2018-06-10 10:57:14','2018-06-10 10:57:56'),(199,8,39,1,1,'2018-06-10 10:57:57','2018-06-10 10:57:57'),(200,10,39,1,1,'2018-06-10 10:59:38','2018-06-10 10:59:38'),(201,1,40,1,1,'2018-06-12 21:31:33','2018-06-12 21:31:33'),(203,2,41,1,1,'2018-06-12 21:50:33','2018-06-12 21:50:33'),(204,1,41,1,1,'2018-06-12 21:50:34','2018-06-12 21:50:34'),(205,3,41,1,1,'2018-06-12 21:50:35','2018-06-12 21:50:35'),(206,4,41,1,1,'2018-06-12 21:50:35','2018-06-12 21:50:35'),(207,5,41,1,1,'2018-06-12 21:50:38','2018-06-12 21:50:38'),(208,7,41,1,1,'2018-06-12 21:50:39','2018-06-12 21:50:39'),(209,6,41,1,1,'2018-06-12 21:50:40','2018-06-12 21:50:40'),(210,8,41,2,1,'2018-06-12 21:50:40','2018-06-12 21:50:43'),(211,9,41,1,1,'2018-06-12 21:50:42','2018-06-12 21:50:42'),(212,8,41,-1,1,'2018-06-12 21:50:47','2018-06-12 21:50:47'),(213,7,41,-1,1,'2018-06-12 21:50:49','2018-06-12 21:50:49'),(214,1,42,1,1,'2018-06-13 20:37:00','2018-06-13 20:37:00'),(215,2,42,1,1,'2018-06-13 20:37:02','2018-06-13 20:37:02'),(216,1,43,1,1,'2018-06-13 21:00:51','2018-06-13 21:00:51'),(217,1,43,-1,1,'2018-06-13 21:01:50','2018-06-13 21:01:50'),(218,3,44,1,1,'2018-06-13 21:13:53','2018-06-13 21:13:53'),(219,4,44,1,1,'2018-06-14 20:39:23','2018-06-14 20:39:23'),(220,1,45,1,1,'2018-06-14 22:02:34','2018-06-14 22:02:34'),(221,2,45,1,1,'2018-06-14 22:02:35','2018-06-14 22:02:35'),(222,2,45,-1,1,'2018-06-14 22:02:39','2018-06-14 22:02:39'),(223,2,46,1,1,'2018-06-14 22:05:16','2018-06-14 22:05:16'),(224,2,47,1,1,'2018-06-14 22:13:01','2018-06-14 22:13:01'),(225,4,47,1,1,'2018-06-14 22:13:02','2018-06-14 22:13:02'),(226,4,48,1,1,'2018-06-14 22:13:19','2018-06-14 22:13:19'),(227,3,48,1,1,'2018-06-14 22:13:20','2018-06-14 22:13:20'),(228,1,48,1,1,'2018-06-14 22:13:21','2018-06-14 22:13:21'),(229,4,49,1,1,'2018-06-14 22:13:31','2018-06-14 22:13:31'),(230,1,49,1,1,'2018-06-14 22:13:31','2018-06-14 22:13:31'),(231,4,49,-1,1,'2018-06-14 22:13:33','2018-06-14 22:13:33'),(232,4,50,1,1,'2018-06-14 22:13:42','2018-06-14 22:13:42'),(233,3,50,1,1,'2018-06-14 22:13:43','2018-06-14 22:13:43'),(234,4,51,1,1,'2018-06-14 22:13:49','2018-06-14 22:13:49'),(235,2,51,1,1,'2018-06-14 22:13:50','2018-06-14 22:13:50'),(236,1,52,1,1,'2018-06-15 21:18:45','2018-06-15 21:18:45'),(237,2,52,1,1,'2018-06-15 21:18:53','2018-06-15 21:18:53'),(238,4,65,1,1,'2018-06-21 21:03:23','2018-06-21 21:03:23'),(239,3,65,2,1,'2018-06-21 21:03:24','2018-06-21 21:14:02'),(240,3,65,-2,1,'2018-06-21 21:13:59','2018-06-21 21:14:00'),(241,4,67,1,1,'2018-06-21 21:23:51','2018-06-21 21:23:51'),(242,4,59,1,1,'2018-06-21 21:24:56','2018-06-21 21:24:56'),(243,1,59,1,1,'2018-06-21 21:24:56','2018-06-21 21:24:56'),(244,2,59,1,1,'2018-06-21 21:24:57','2018-06-21 21:24:57'),(245,3,59,1,1,'2018-06-21 21:24:57','2018-06-21 21:24:57'),(247,1,60,1,1,'2018-06-21 21:34:19','2018-06-21 21:34:19'),(248,4,60,1,1,'2018-06-21 21:35:58','2018-06-21 21:35:58'),(249,4,69,1,1,'2018-06-21 21:47:39','2018-06-21 21:47:39'),(250,6,72,1,1,'2018-06-22 21:19:57','2018-06-22 21:19:57'),(251,5,72,1,1,'2018-06-22 21:19:58','2018-06-22 21:19:58'),(252,8,72,1,1,'2018-06-22 21:19:59','2018-06-22 21:19:59'),(253,3,75,2,1,'2018-06-22 21:56:32','2018-06-22 21:56:39'),(254,4,75,1,1,'2018-06-22 21:56:33','2018-06-22 21:56:33'),(255,1,76,1,1,'2018-06-22 22:01:19','2018-06-22 22:01:19'),(256,2,76,1,1,'2018-06-22 22:01:20','2018-06-22 22:01:20'),(257,4,76,1,1,'2018-06-22 22:01:21','2018-06-22 22:01:21'),(258,3,76,1,1,'2018-06-22 22:01:22','2018-06-22 22:01:22'),(259,3,79,1,1,'2018-06-25 19:10:02','2018-06-25 19:10:02'),(260,4,79,1,1,'2018-06-25 19:10:04','2018-06-25 19:10:04'),(261,2,80,1,1,'2018-06-25 19:51:06','2018-06-25 19:51:06'),(262,4,80,1,1,'2018-06-25 19:51:07','2018-06-25 19:51:07'),(263,7,80,1,1,'2018-06-25 19:51:10','2018-06-25 19:51:10'),(264,1,81,1,1,'2018-06-25 20:41:43','2018-06-25 20:41:43'),(265,2,81,1,1,'2018-06-25 20:41:44','2018-06-25 20:41:44'),(266,4,81,1,1,'2018-06-25 20:41:45','2018-06-25 20:41:45'),(267,1,82,1,1,'2018-06-25 20:47:49','2018-06-25 20:47:49'),(268,3,83,1,1,'2018-06-26 21:04:48','2018-06-26 21:04:48'),(269,4,83,1,1,'2018-06-26 21:04:49','2018-06-26 21:04:49'),(270,2,84,1,1,'2018-06-26 21:06:17','2018-06-26 21:06:17'),(271,4,84,1,1,'2018-06-26 21:06:17','2018-06-26 21:06:17'),(272,3,84,1,1,'2018-06-26 21:06:19','2018-06-26 21:06:19'),(273,1,85,1,1,'2018-06-26 21:44:17','2018-06-26 21:44:17'),(274,2,85,1,1,'2018-06-26 21:44:17','2018-06-26 21:44:17'),(275,3,85,1,1,'2018-06-26 21:44:18','2018-06-26 21:44:18'),(276,4,85,1,1,'2018-06-26 21:44:18','2018-06-26 21:44:18'),(277,3,86,1,1,'2018-06-26 21:48:26','2018-06-26 21:48:26'),(278,4,86,1,1,'2018-06-26 21:48:26','2018-06-26 21:48:26'),(279,1,87,1,1,'2018-06-27 19:10:22','2018-06-27 19:10:22'),(280,2,88,1,1,'2018-06-27 19:36:11','2018-06-27 19:36:11'),(281,1,89,1,1,'2018-06-27 19:48:13','2018-06-27 19:48:13'),(282,2,89,1,1,'2018-06-27 19:48:13','2018-06-27 19:48:13'),(283,1,90,1,1,'2018-06-27 20:53:14','2018-06-27 20:53:14'),(284,2,90,1,1,'2018-06-27 20:53:15','2018-06-27 20:53:15'),(285,2,91,2,1,'2018-06-27 21:05:35','2018-06-27 21:12:54'),(286,4,91,2,1,'2018-06-27 21:05:37','2018-06-27 21:12:56'),(288,3,91,1,1,'2018-06-27 21:12:57','2018-06-27 21:12:57'),(289,1,91,1,1,'2018-06-27 21:12:58','2018-06-27 21:12:58'),(290,5,91,1,1,'2018-06-27 21:13:02','2018-06-27 21:13:02'),(291,6,91,1,1,'2018-06-27 21:13:02','2018-06-27 21:13:02'),(292,8,91,1,1,'2018-06-27 21:13:03','2018-06-27 21:13:03'),(293,7,91,1,1,'2018-06-27 21:13:04','2018-06-27 21:13:04'),(294,9,91,1,1,'2018-06-27 21:13:06','2018-06-27 21:13:06'),(295,10,91,1,1,'2018-06-27 21:13:09','2018-06-27 21:13:09'),(296,2,92,1,1,'2018-06-28 20:27:26','2018-06-28 20:27:26'),(297,4,92,1,1,'2018-06-28 20:27:27','2018-06-28 20:27:27'),(298,1,92,1,1,'2018-06-28 20:27:29','2018-06-28 20:27:29'),(299,3,92,1,1,'2018-06-28 20:27:30','2018-06-28 20:27:30'),(301,7,92,1,1,'2018-06-28 20:30:22','2018-06-28 20:30:22'),(302,8,92,1,1,'2018-06-28 20:30:22','2018-06-28 20:30:22'),(303,6,92,1,1,'2018-06-28 20:30:23','2018-06-28 20:30:23'),(304,1,93,1,1,'2018-06-28 20:31:34','2018-06-28 20:31:34'),(305,4,93,3,1,'2018-06-28 20:32:35','2018-06-28 20:34:07'),(306,3,93,2,1,'2018-06-28 20:32:52','2018-06-28 20:33:13'),(307,4,94,1,1,'2018-06-28 20:35:00','2018-06-28 20:35:00'),(308,3,94,1,1,'2018-06-28 20:35:02','2018-06-28 20:35:02'),(309,4,95,1,1,'2018-06-28 20:52:55','2018-06-28 20:52:55'),(310,3,95,1,1,'2018-06-28 20:52:56','2018-06-28 20:52:56'),(311,4,96,1,1,'2018-06-28 21:00:42','2018-06-28 21:00:42'),(312,3,96,1,1,'2018-06-28 21:00:42','2018-06-28 21:00:42'),(313,4,97,1,1,'2018-06-28 21:04:03','2018-06-28 21:04:03'),(314,3,97,1,1,'2018-06-28 21:04:03','2018-06-28 21:04:03'),(315,4,98,1,1,'2018-06-28 21:04:26','2018-06-28 21:04:26'),(316,3,98,1,1,'2018-06-28 21:04:27','2018-06-28 21:04:27'),(317,3,99,1,1,'2018-06-28 21:11:23','2018-06-28 21:11:23'),(318,3,100,1,1,'2018-06-28 21:17:57','2018-06-28 21:17:57'),(319,2,100,1,1,'2018-06-28 21:17:58','2018-06-28 21:17:58'),(320,3,101,1,1,'2018-06-28 21:49:57','2018-06-28 21:49:57'),(321,4,102,1,1,'2018-06-28 21:52:28','2018-06-28 21:52:28'),(322,2,102,1,1,'2018-06-28 21:52:28','2018-06-28 21:52:28'),(323,1,103,1,1,'2018-06-28 21:56:03','2018-06-28 21:56:03'),(324,3,104,4,1,'2018-06-29 17:34:30','2018-06-29 17:34:34'),(325,4,104,1,1,'2018-06-29 17:34:33','2018-06-29 17:34:33'),(326,1,104,1,1,'2018-06-29 17:34:33','2018-06-29 17:34:33'),(327,2,104,1,1,'2018-06-29 17:34:33','2018-06-29 17:34:33'),(328,7,104,4,1,'2018-06-29 17:34:37','2018-06-29 17:34:41'),(329,5,104,2,1,'2018-06-29 17:34:37','2018-06-29 17:34:38'),(330,8,104,1,1,'2018-06-29 17:34:38','2018-06-29 17:34:38'),(331,6,104,2,1,'2018-06-29 17:34:39','2018-06-29 17:34:39'),(332,9,104,1,1,'2018-06-29 17:34:41','2018-06-29 17:34:41'),(333,10,104,2,1,'2018-06-29 17:34:43','2018-06-29 17:34:43'),(336,2,105,2,1,'2018-06-29 18:04:00','2018-06-29 18:04:02'),(337,2,105,-1,1,'2018-06-29 18:04:30','2018-06-29 18:04:30'),(338,1,105,1,1,'2018-06-29 18:14:08','2018-06-29 18:14:08'),(339,2,106,1,1,'2018-06-29 18:14:48','2018-06-29 18:14:48'),(340,4,106,1,1,'2018-06-29 18:14:50','2018-06-29 18:14:50'),(341,2,107,3,1,'2018-06-29 18:19:09','2018-06-29 18:54:37'),(342,1,107,3,1,'2018-06-29 18:19:09','2018-06-29 18:54:38'),(343,3,107,1,1,'2018-06-29 18:54:36','2018-06-29 18:54:36'),(344,4,107,2,1,'2018-06-29 18:54:37','2018-06-29 18:54:56'),(345,1,108,1,1,'2018-06-29 18:55:22','2018-06-29 18:55:22'),(346,2,108,1,1,'2018-06-29 18:55:22','2018-06-29 18:55:22'),(347,3,109,2,1,'2018-06-29 18:56:57','2018-06-29 18:56:58'),(348,1,109,2,1,'2018-06-29 18:56:57','2018-06-29 18:56:58'),(349,2,109,2,1,'2018-06-29 18:56:57','2018-06-29 18:56:58'),(350,4,109,2,1,'2018-06-29 18:56:58','2018-06-29 18:58:13'),(351,9,109,1,1,'2018-06-29 18:57:14','2018-06-29 18:57:14'),(352,9,109,-1,1,'2018-06-29 18:59:26','2018-06-29 18:59:26'),(353,3,110,1,1,'2018-06-29 19:00:06','2018-06-29 19:00:06'),(354,4,110,4,1,'2018-06-29 19:00:07','2018-07-03 19:47:47'),(355,2,110,1,1,'2018-06-29 19:00:24','2018-06-29 19:00:24'),(358,6,110,2,1,'2018-07-03 19:48:31','2018-07-03 20:06:49'),(359,8,110,1,1,'2018-07-03 19:48:31','2018-07-03 19:48:31'),(360,7,110,1,1,'2018-07-03 19:48:32','2018-07-03 19:48:32'),(361,4,111,2,1,'2018-07-03 20:00:40','2018-07-03 20:12:42'),(362,3,111,1,1,'2018-07-03 20:00:41','2018-07-03 20:00:41'),(363,8,111,1,1,'2018-07-03 20:12:44','2018-07-03 20:12:44'),(364,10,111,1,1,'2018-07-03 20:12:48','2018-07-03 20:12:48'),(365,10,111,-1,1,'2018-07-03 20:13:01','2018-07-03 20:13:01'),(366,9,112,1,1,'2018-07-03 20:26:13','2018-07-03 20:26:13'),(367,8,112,1,1,'2018-07-03 20:26:13','2018-07-03 20:26:13'),(368,6,112,1,1,'2018-07-03 20:26:15','2018-07-03 20:26:15'),(369,7,112,1,1,'2018-07-03 20:26:15','2018-07-03 20:26:15'),(370,5,112,1,1,'2018-07-03 20:26:16','2018-07-03 20:26:16'),(371,1,113,1,1,'2018-07-03 20:39:49','2018-07-03 20:39:49'),(372,2,113,1,1,'2018-07-03 20:39:49','2018-07-03 20:39:49'),(373,3,113,1,1,'2018-07-03 20:39:50','2018-07-03 20:39:50'),(374,4,113,1,1,'2018-07-03 20:39:50','2018-07-03 20:39:50'),(375,8,113,1,1,'2018-07-03 20:40:11','2018-07-03 20:40:11'),(376,3,114,1,1,'2018-07-03 20:55:19','2018-07-03 20:55:19'),(377,2,114,1,1,'2018-07-03 20:55:21','2018-07-03 20:55:21'),(378,3,115,1,1,'2018-07-03 21:13:58','2018-07-03 21:13:58'),(379,2,115,1,1,'2018-07-03 21:13:58','2018-07-03 21:13:58'),(380,3,116,1,1,'2018-07-04 20:24:30','2018-07-04 20:24:30'),(381,2,116,1,1,'2018-07-04 20:24:31','2018-07-04 20:24:31'),(382,4,117,2,1,'2018-07-08 19:26:14','2018-07-08 19:44:14'),(383,3,117,1,1,'2018-07-08 19:26:15','2018-07-08 19:26:15'),(384,8,117,2,1,'2018-07-08 19:26:22','2018-07-08 19:43:23'),(385,7,117,1,1,'2018-07-08 19:26:23','2018-07-08 19:26:23'),(386,9,117,2,1,'2018-07-08 19:26:24','2018-07-08 19:44:05'),(387,5,117,2,1,'2018-07-08 19:26:26','2018-07-08 19:41:14'),(388,6,117,1,1,'2018-07-08 19:43:25','2018-07-08 19:43:25'),(390,6,117,-1,1,'2018-07-08 20:00:47','2018-07-08 20:00:47'),(391,3,118,1,1,'2018-07-08 20:10:23','2018-07-08 20:10:23'),(392,2,118,1,1,'2018-07-08 20:10:23','2018-07-08 20:10:23'),(393,1,118,1,1,'2018-07-08 20:33:40','2018-07-08 20:33:40'),(394,3,119,1,1,'2018-07-08 20:45:06','2018-07-08 20:45:06'),(395,2,119,1,1,'2018-07-08 20:45:07','2018-07-08 20:45:07'),(396,4,119,1,1,'2018-07-08 20:45:08','2018-07-08 20:45:08'),(397,1,120,1,1,'2018-07-08 21:10:51','2018-07-08 21:10:51'),(398,3,120,1,1,'2018-07-08 21:10:51','2018-07-08 21:10:51'),(399,3,121,1,1,'2018-07-08 21:21:06','2018-07-08 21:21:06'),(400,2,121,1,1,'2018-07-08 21:21:07','2018-07-08 21:21:07'),(401,4,121,1,1,'2018-07-08 21:21:59','2018-07-08 21:21:59'),(402,3,122,1,1,'2018-07-08 21:23:10','2018-07-08 21:23:10'),(403,2,122,1,1,'2018-07-08 21:23:11','2018-07-08 21:23:11'),(404,3,123,1,1,'2018-07-08 21:29:26','2018-07-08 21:29:26'),(405,2,123,1,1,'2018-07-08 21:29:26','2018-07-08 21:29:26'),(406,3,124,1,1,'2018-07-08 21:46:03','2018-07-08 21:46:03'),(407,4,124,2,1,'2018-07-08 21:46:03','2018-07-08 21:47:06'),(408,2,124,1,1,'2018-07-08 21:47:07','2018-07-08 21:47:07'),(409,1,125,2,1,'2018-07-08 22:01:46','2018-07-08 22:07:30'),(410,4,125,2,1,'2018-07-08 22:02:12','2018-07-08 22:07:26'),(411,3,125,2,1,'2018-07-08 22:06:34','2018-07-08 22:07:29'),(412,2,125,1,1,'2018-07-08 22:07:31','2018-07-08 22:07:31'),(413,1,126,1,1,'2018-07-09 19:47:28','2018-07-09 19:47:28'),(414,4,126,1,1,'2018-07-09 19:47:28','2018-07-09 19:47:28'),(415,8,126,1,1,'2018-07-09 19:47:33','2018-07-09 19:47:33'),(416,3,127,1,1,'2018-07-09 20:48:48','2018-07-09 20:48:48'),(417,2,127,1,1,'2018-07-09 20:48:48','2018-07-09 20:48:48'),(418,4,128,1,1,'2018-07-09 21:03:37','2018-07-09 21:03:37'),(419,3,128,1,1,'2018-07-09 21:03:37','2018-07-09 21:03:37'),(420,2,128,1,1,'2018-07-09 21:03:37','2018-07-09 21:03:37'),(421,1,128,1,1,'2018-07-09 21:03:37','2018-07-09 21:03:37'),(422,3,129,1,1,'2018-07-09 21:07:24','2018-07-09 21:07:24'),(423,4,129,1,1,'2018-07-09 21:07:24','2018-07-09 21:07:24'),(424,2,129,1,1,'2018-07-09 21:07:25','2018-07-09 21:07:25'),(425,1,129,1,1,'2018-07-09 21:07:25','2018-07-09 21:07:25'),(426,3,130,1,1,'2018-07-09 21:11:33','2018-07-09 21:11:33'),(427,2,130,1,1,'2018-07-09 21:11:33','2018-07-09 21:11:33'),(428,4,131,1,1,'2018-07-09 21:37:26','2018-07-09 21:37:26'),(429,2,131,1,1,'2018-07-09 21:37:26','2018-07-09 21:37:26'),(430,4,132,1,1,'2018-07-09 21:39:30','2018-07-09 21:39:30'),(431,2,132,1,1,'2018-07-09 21:39:30','2018-07-09 21:39:30'),(432,3,132,1,1,'2018-07-09 21:39:30','2018-07-09 21:39:30'),(433,1,132,1,1,'2018-07-09 21:39:31','2018-07-09 21:39:31'),(434,3,133,1,1,'2018-07-11 17:06:10','2018-07-11 17:06:10'),(435,4,133,2,1,'2018-07-11 17:15:47','2018-07-11 17:16:13'),(436,2,133,1,1,'2018-07-11 17:15:47','2018-07-11 17:15:47'),(437,2,134,3,1,'2018-07-11 18:03:13','2018-07-11 18:03:15'),(438,1,134,2,1,'2018-07-11 18:03:14','2018-07-11 18:03:15'),(439,3,134,2,1,'2018-07-11 18:03:14','2018-07-11 18:04:21'),(440,8,134,3,1,'2018-07-11 18:03:19','2018-07-11 18:04:18'),(441,6,134,3,1,'2018-07-11 18:03:19','2018-07-11 18:04:17'),(442,5,134,2,1,'2018-07-11 18:03:19','2018-07-11 18:04:17'),(443,7,134,2,1,'2018-07-11 18:03:20','2018-07-11 18:04:16'),(444,10,134,3,1,'2018-07-11 18:03:27','2018-07-11 18:04:20'),(447,9,134,1,1,'2018-07-11 18:04:16','2018-07-11 18:04:16'),(448,4,134,1,1,'2018-07-11 18:04:22','2018-07-11 18:04:22'),(449,4,134,-2,1,'2018-07-11 18:07:13','2018-07-11 18:07:15'),(450,10,134,-1,1,'2018-07-11 18:07:18','2018-07-11 18:07:18'),(451,5,134,-1,1,'2018-07-11 18:07:19','2018-07-11 18:07:19'),(452,7,134,-1,1,'2018-07-11 18:07:23','2018-07-11 18:07:23'),(453,4,135,3,1,'2018-07-11 18:21:31','2018-07-11 18:39:42'),(454,2,135,2,1,'2018-07-11 18:21:31','2018-07-11 18:36:19'),(455,3,135,1,1,'2018-07-11 18:21:31','2018-07-11 18:21:31'),(456,1,135,2,1,'2018-07-11 18:21:32','2018-07-11 18:58:29'),(458,8,135,2,1,'2018-07-11 18:36:58','2018-07-11 18:44:05'),(459,3,135,-4,1,'2018-07-11 18:42:08','2018-07-11 18:55:04'),(460,4,135,-3,1,'2018-07-11 18:43:53','2018-07-11 18:53:03'),(461,2,136,1,1,'2018-07-16 19:53:54','2018-07-16 19:53:54'),(462,3,136,1,1,'2018-07-16 19:53:55','2018-07-16 19:53:55'),(463,4,136,2,1,'2018-07-16 19:53:56','2018-07-16 20:42:09'),(464,1,137,1,1,'2018-07-19 20:46:50','2018-07-19 20:46:50'),(465,7,137,1,1,'2018-07-19 20:46:55','2018-07-19 20:46:55'),(466,8,137,1,1,'2018-07-19 20:46:56','2018-07-19 20:46:56'),(467,10,137,1,1,'2018-07-19 20:46:59','2018-07-19 20:46:59'),(468,1,138,1,1,'2018-07-19 20:57:08','2018-07-19 20:57:08'),(469,4,138,1,1,'2018-07-19 20:57:08','2018-07-19 20:57:08'),(470,7,138,1,1,'2018-07-19 20:57:11','2018-07-19 20:57:11'),(471,3,139,1,1,'2018-07-22 19:05:38','2018-07-22 19:05:38'),(472,4,139,1,1,'2018-07-22 19:05:39','2018-07-22 19:05:39'),(473,2,139,1,1,'2018-07-22 19:05:40','2018-07-22 19:05:40'),(474,1,140,1,1,'2018-07-22 20:48:20','2018-07-22 20:48:20'),(475,6,140,1,1,'2018-07-22 20:48:22','2018-07-22 20:48:22'),(476,10,140,1,1,'2018-07-22 20:48:24','2018-07-22 20:48:24'),(477,8,140,1,1,'2018-07-22 20:49:09','2018-07-22 20:49:09'),(478,3,141,1,1,'2018-07-22 21:05:25','2018-07-22 21:05:25'),(479,4,141,1,1,'2018-07-22 21:05:26','2018-07-22 21:05:26'),(480,2,142,2,1,'2018-07-22 21:29:57','2018-07-22 21:29:59'),(481,3,142,1,1,'2018-07-22 21:30:00','2018-07-22 21:30:00'),(482,9,142,1,1,'2018-07-22 21:30:04','2018-07-22 21:30:04'),(483,56,144,1,1,'2018-09-06 21:17:19','2018-09-06 21:17:19'),(484,53,144,1,1,'2018-09-06 21:17:21','2018-09-06 21:17:21'),(485,66,143,1,1,'2018-09-08 14:58:03','2018-09-08 14:58:03'),(486,65,143,2,1,'2018-09-08 14:58:04','2018-09-08 14:58:06'),(487,65,143,-3,1,'2018-09-08 14:58:12','2018-09-08 14:58:18');
/*!40000 ALTER TABLE `order_items` ENABLE KEYS */;
UNLOCK TABLES;

--
-- Table structure for table `orders`
--

DROP TABLE IF EXISTS `orders`;
/*!40101 SET @saved_cs_client     = @@character_set_client */;
/*!40101 SET character_set_client = utf8 */;
CREATE TABLE `orders` (
  `id` bigint(20) NOT NULL AUTO_INCREMENT,
  `dining_table_id` int(11) DEFAULT NULL,
  `quantity` int(11) DEFAULT NULL,
  `encour` tinyint(1) DEFAULT '0',
  `comments` text,
  `created_at` datetime NOT NULL,
  `updated_at` datetime NOT NULL,
  `is_valid` tinyint(1) DEFAULT '0',
  `payment_type` varchar(255) DEFAULT NULL,
  `uniqId` varchar(255) DEFAULT NULL,
  PRIMARY KEY (`id`)
) ENGINE=InnoDB AUTO_INCREMENT=145 DEFAULT CHARSET=utf8;
/*!40101 SET character_set_client = @saved_cs_client */;

--
-- Dumping data for table `orders`
--

LOCK TABLES `orders` WRITE;
/*!40000 ALTER TABLE `orders` DISABLE KEYS */;
INSERT INTO `orders` VALUES (1,1,2,0,NULL,'2018-04-30 20:30:03','2018-05-31 20:07:50',0,NULL,NULL),(2,2,2,0,NULL,'2018-04-30 20:45:40','2018-05-31 19:44:56',0,NULL,NULL),(3,4,5,0,NULL,'2018-05-03 22:08:41','2018-05-31 20:14:57',0,NULL,NULL),(4,5,2,0,NULL,'2018-05-06 20:00:36','2018-05-31 19:42:11',0,NULL,NULL),(5,6,12,0,NULL,'2018-05-17 21:48:17','2018-05-31 19:34:38',0,NULL,NULL),(6,6,2,0,NULL,'2018-05-31 20:23:12','2018-05-31 20:23:22',0,NULL,NULL),(7,6,3,0,NULL,'2018-05-31 20:23:45','2018-05-31 20:39:53',0,NULL,NULL),(8,6,2,0,NULL,'2018-05-31 20:42:46','2018-05-31 20:46:18',0,NULL,NULL),(9,6,3,0,NULL,'2018-05-31 20:48:04','2018-05-31 20:48:17',0,NULL,NULL),(10,6,3,0,NULL,'2018-05-31 20:52:23','2018-05-31 20:57:25',0,NULL,NULL),(11,6,5,0,NULL,'2018-05-31 20:59:49','2018-05-31 21:00:01',0,NULL,NULL),(12,1,2,0,NULL,'2018-05-31 21:10:25','2018-05-31 21:10:32',0,NULL,NULL),(13,2,5,0,NULL,'2018-05-31 21:10:40','2018-05-31 21:10:57',0,NULL,NULL),(14,6,8,0,NULL,'2018-05-31 21:45:03','2018-05-31 21:45:52',0,NULL,NULL),(15,6,1,0,NULL,'2018-05-31 21:46:20','2018-05-31 21:47:34',0,NULL,NULL),(16,5,2,0,NULL,'2018-05-31 21:48:00','2018-05-31 21:48:31',0,NULL,NULL),(17,1,3,0,NULL,'2018-06-02 07:12:39','2018-06-02 07:21:58',0,NULL,NULL),(18,1,5,0,NULL,'2018-06-02 07:24:03','2018-06-02 07:24:41',0,NULL,NULL),(19,1,5,0,NULL,'2018-06-02 07:27:33','2018-06-02 07:27:39',0,NULL,NULL),(20,1,9,1,NULL,'2018-06-02 07:28:41','2018-06-02 07:29:03',0,NULL,NULL),(21,2,2,1,NULL,'2018-06-02 12:27:43','2018-06-02 12:32:13',0,NULL,NULL),(22,6,5,0,NULL,'2018-06-02 12:32:49','2018-06-02 12:33:07',0,NULL,NULL),(23,3,3,1,NULL,'2018-06-02 12:33:47','2018-06-02 12:49:56',0,NULL,NULL),(24,3,2,0,NULL,'2018-06-02 12:50:17','2018-06-05 20:35:59',0,NULL,NULL),(25,3,2,0,NULL,'2018-06-05 20:37:39','2018-06-05 20:38:17',0,NULL,NULL),(26,6,8,0,NULL,'2018-06-05 20:41:19','2018-06-05 20:55:22',0,NULL,NULL),(27,6,9,0,NULL,'2018-06-06 19:29:25','2018-06-06 21:39:25',0,NULL,NULL),(28,5,1,0,NULL,'2018-06-06 21:39:41','2018-06-06 21:40:39',0,NULL,NULL),(29,1,2,1,NULL,'2018-06-06 21:41:17','2018-06-09 20:57:03',0,NULL,NULL),(30,2,5,0,NULL,'2018-06-09 11:23:10','2018-06-09 20:56:49',0,NULL,NULL),(31,6,3,0,NULL,'2018-06-09 11:26:19','2018-06-09 20:56:47',0,NULL,NULL),(32,1,1,0,NULL,'2018-06-09 21:00:50','2018-06-10 06:11:45',0,NULL,NULL),(33,1,2,0,NULL,'2018-06-10 06:12:03','2018-06-10 10:09:08',0,NULL,NULL),(34,2,2,0,NULL,'2018-06-10 09:50:25','2018-06-12 20:43:22',0,NULL,NULL),(35,3,3,0,NULL,'2018-06-10 09:52:36','2018-06-10 10:17:50',0,NULL,NULL),(36,3,2,0,NULL,'2018-06-10 10:22:52','2018-06-12 20:42:18',0,NULL,NULL),(37,5,2,0,NULL,'2018-06-10 10:24:21','2018-06-12 20:43:27',0,NULL,NULL),(38,6,2,0,NULL,'2018-06-10 10:36:16','2018-06-12 20:41:28',0,NULL,NULL),(39,1,2,0,NULL,'2018-06-10 10:45:19','2018-06-12 20:43:31',0,NULL,NULL),(40,1,1,0,NULL,'2018-06-12 21:31:31','2018-06-12 21:31:57',0,NULL,NULL),(41,2,2,1,NULL,'2018-06-12 21:50:32','2018-06-13 20:27:29',0,NULL,NULL),(42,1,2,0,NULL,'2018-06-13 20:36:58','2018-06-13 20:37:38',0,NULL,NULL),(43,1,1,0,NULL,'2018-06-13 21:00:49','2018-06-13 21:01:55',0,NULL,NULL),(44,1,2,0,NULL,'2018-06-13 21:13:51','2018-06-14 22:05:02',0,NULL,NULL),(45,19,1,0,NULL,'2018-06-14 22:01:56','2018-06-14 22:02:51',0,NULL,NULL),(46,20,1,0,NULL,'2018-06-14 22:05:14','2018-06-14 22:05:20',0,NULL,NULL),(47,21,5,0,NULL,'2018-06-14 22:12:54','2018-06-14 22:13:08',0,NULL,NULL),(48,22,5,0,NULL,'2018-06-14 22:13:16','2018-06-17 18:54:31',0,NULL,NULL),(49,23,3,0,NULL,'2018-06-14 22:13:29','2018-06-17 18:54:18',0,NULL,NULL),(50,24,9,0,NULL,'2018-06-14 22:13:40','2018-06-17 18:54:29',0,NULL,NULL),(51,25,5,0,NULL,'2018-06-14 22:13:48','2018-06-17 18:54:22',0,NULL,NULL),(52,26,2,0,NULL,'2018-06-15 21:18:27','2018-06-17 18:54:15',0,NULL,NULL),(53,40,2,0,NULL,'2018-06-21 20:50:20','2018-06-21 20:50:20',0,NULL,NULL),(54,41,2,0,NULL,'2018-06-21 20:50:20','2018-06-21 20:50:20',0,NULL,NULL),(55,42,2,0,NULL,'2018-06-21 20:50:34','2018-06-21 20:50:34',0,NULL,NULL),(56,43,2,0,NULL,'2018-06-21 20:50:34','2018-06-21 20:50:34',0,NULL,NULL),(57,44,2,0,NULL,'2018-06-21 20:52:27','2018-06-21 20:52:27',0,NULL,NULL),(58,45,2,0,NULL,'2018-06-21 20:52:27','2018-06-21 20:52:27',0,NULL,NULL),(59,46,3,0,NULL,'2018-06-21 20:56:18','2018-06-21 21:34:13',0,NULL,NULL),(60,47,3,0,NULL,'2018-06-21 20:56:18','2018-06-21 21:42:12',0,NULL,NULL),(61,48,3,0,NULL,'2018-06-21 20:56:48','2018-06-21 20:57:28',0,NULL,NULL),(62,49,3,0,NULL,'2018-06-21 20:56:48','2018-06-21 21:12:58',0,NULL,NULL),(63,50,3,0,NULL,'2018-06-21 20:59:51','2018-06-22 22:02:53',0,NULL,NULL),(64,51,3,0,NULL,'2018-06-21 20:59:51','2018-06-22 22:02:49',0,NULL,NULL),(65,52,3,0,NULL,'2018-06-21 21:03:19','2018-06-21 21:14:08',0,NULL,NULL),(66,53,4,0,NULL,'2018-06-21 21:22:42','2018-06-22 22:02:43',0,NULL,NULL),(67,57,5,0,NULL,'2018-06-21 21:23:44','2018-06-22 22:02:45',0,NULL,NULL),(68,58,3,0,NULL,'2018-06-21 21:42:29','2018-06-22 22:02:39',0,NULL,NULL),(69,59,4,0,NULL,'2018-06-21 21:43:41','2018-06-22 22:02:34',0,NULL,NULL),(70,60,2,0,NULL,'2018-06-22 21:16:16','2018-06-22 21:17:30',0,NULL,NULL),(71,61,2,0,NULL,'2018-06-22 21:18:02','2018-06-22 22:02:32',0,NULL,NULL),(72,62,4,0,NULL,'2018-06-22 21:19:46','2018-06-22 21:23:00',0,NULL,NULL),(73,63,5,0,NULL,'2018-06-22 21:22:33','2018-06-22 21:22:54',0,NULL,NULL),(74,64,3,0,NULL,'2018-06-22 21:51:13','2018-06-22 21:53:21',0,NULL,NULL),(75,65,3,0,NULL,'2018-06-22 21:56:30','2018-06-22 22:01:06',0,NULL,NULL),(76,66,4,0,NULL,'2018-06-22 22:01:16','2018-06-22 22:02:17',0,NULL,NULL),(77,67,2,0,NULL,'2018-06-23 21:36:49','2018-06-23 21:36:49',0,NULL,NULL),(78,68,3,0,NULL,'2018-06-23 21:37:17','2018-06-23 21:37:17',0,NULL,NULL),(79,72,3,0,NULL,'2018-06-23 21:52:02','2018-06-25 19:10:20',0,NULL,NULL),(80,73,3,0,NULL,'2018-06-25 19:50:56','2018-06-25 19:52:08',0,NULL,NULL),(81,74,3,0,NULL,'2018-06-25 20:41:41','2018-06-25 20:42:03',0,NULL,NULL),(82,75,7,0,NULL,'2018-06-25 20:47:47','2018-06-25 20:47:59',0,NULL,NULL),(83,76,3,0,NULL,'2018-06-26 21:04:46','2018-06-26 21:05:12',0,NULL,NULL),(84,78,5,0,NULL,'2018-06-26 21:06:14','2018-06-26 21:07:17',0,NULL,NULL),(85,79,5,0,NULL,'2018-06-26 21:44:09','2018-06-26 21:44:37',0,NULL,NULL),(86,80,1,0,NULL,'2018-06-26 21:48:11','2018-06-26 22:01:16',0,'cash',NULL),(87,81,5,0,NULL,'2018-06-27 19:10:20','2018-06-27 19:27:01',1,'cash',NULL),(88,82,2,0,NULL,'2018-06-27 19:36:10','2018-06-27 19:38:45',1,'cash',NULL),(89,83,6,0,NULL,'2018-06-27 19:48:11','2018-06-27 19:48:36',1,'cash',NULL),(90,84,4,0,NULL,'2018-06-27 20:53:12','2018-06-27 20:56:06',1,'cart',NULL),(91,85,2,0,NULL,'2018-06-27 21:05:09','2018-06-27 21:36:55',0,'cart',NULL),(92,87,6,0,NULL,'2018-06-28 20:27:22','2018-06-28 20:30:30',0,NULL,NULL),(93,88,4,0,NULL,'2018-06-28 20:31:32','2018-06-28 20:34:30',0,NULL,NULL),(94,96,4,0,NULL,'2018-06-28 20:34:58','2018-06-28 20:38:21',0,'cash',NULL),(95,97,3,0,NULL,'2018-06-28 20:52:48','2018-06-28 20:58:24',0,NULL,NULL),(96,98,3,0,NULL,'2018-06-28 21:00:39','2018-06-28 21:03:07',0,NULL,NULL),(97,99,4,0,NULL,'2018-06-28 21:03:21','2018-06-28 21:06:50',0,'ticket',NULL),(98,100,4,0,NULL,'2018-06-28 21:03:51','2018-06-28 21:07:53',0,'cart',NULL),(99,101,3,0,NULL,'2018-06-28 21:11:22','2018-06-28 21:16:08',0,NULL,NULL),(100,102,3,0,NULL,'2018-06-28 21:17:55','2018-06-28 21:40:07',0,'cart',NULL),(101,103,4,0,NULL,'2018-06-28 21:49:55','2018-06-28 21:50:19',0,NULL,NULL),(102,104,3,0,NULL,'2018-06-28 21:52:26','2018-06-28 21:52:42',0,NULL,NULL),(103,105,4,0,NULL,'2018-06-28 21:56:01','2018-06-28 21:56:31',0,'cart',NULL),(104,106,7,0,NULL,'2018-06-29 17:34:08','2018-06-29 18:03:38',0,'cart',NULL),(105,107,2,0,NULL,'2018-06-29 18:03:59','2018-06-29 18:14:36',0,NULL,NULL),(106,108,5,0,NULL,'2018-06-29 18:14:46','2018-06-29 18:18:29',0,'cash',NULL),(107,109,7,0,NULL,'2018-06-29 18:19:07','2018-06-29 18:55:10',0,NULL,NULL),(108,110,3,0,NULL,'2018-06-29 18:55:20','2018-07-03 19:49:14',0,NULL,NULL),(109,111,3,0,NULL,'2018-06-29 18:56:37','2018-07-03 19:49:12',0,NULL,NULL),(110,112,5,0,NULL,'2018-06-29 19:00:05','2018-07-03 20:39:21',0,NULL,NULL),(111,113,3,0,NULL,'2018-07-03 20:00:38','2018-07-03 20:39:19',0,NULL,NULL),(112,116,4,0,NULL,'2018-07-03 20:26:07','2018-07-03 20:39:12',0,NULL,NULL),(113,117,4,0,NULL,'2018-07-03 20:39:46','2018-07-03 20:47:05',0,'cash','52e4ac605fca9c358cf0'),(114,118,3,0,NULL,'2018-07-03 20:55:14','2018-07-03 20:55:53',0,NULL,'618aa76e6a935d8f9258'),(115,119,6,0,NULL,'2018-07-03 21:13:56','2018-07-03 21:18:04',0,'cash','45d5c331c4e170728c9c'),(116,120,4,0,'{\"cash\"=>\"3-23\", \"cart\"=>\"5-34\", \"cheque\"=>\"9-3\", \"tkresto\"=>\"4\", \"others\"=>\"1-23\", \"controller\"=>\"orders\", \"action\"=>\"multiPayOk\", \"id\"=>\"116\"}','2018-07-04 20:24:29','2018-07-06 22:03:21',0,'multiPay','a17a88cd150ecde688d1'),(117,121,3,1,'{\"cash\"=>\"80-71\", \"cart\"=>\"20\", \"cheque\"=>\"10\", \"tkresto\"=>\"27\", \"others\"=>\"0\", \"controller\"=>\"orders\", \"action\"=>\"multiPayOk\", \"id\"=>\"117\"}','2018-07-08 19:26:12','2018-07-08 20:00:49',1,'multiPay','9cc74ded60c5fcdfa6ca'),(118,122,4,1,'{\"cash\"=>\"4\", \"cart\"=>\"5\", \"cheque\"=>\"0\", \"tkresto\"=>\"10\", \"others\"=>\"5\", \"controller\"=>\"orders\", \"action\"=>\"multiPayOk\", \"id\"=>\"118\"}','2018-07-08 20:10:20','2018-07-08 20:33:43',1,'multiPay','b5b16db3f36c995d94d1'),(119,123,3,0,NULL,'2018-07-08 20:45:05','2018-07-08 21:45:33',1,'cart','9bc102452d2c543dbd22'),(120,124,2,0,NULL,'2018-07-08 21:10:48','2018-07-08 21:14:28',0,NULL,'8ae793683fc3e8152f16'),(121,125,3,0,NULL,'2018-07-08 21:21:05','2018-07-08 21:22:44',0,NULL,'504e54004f98544d2362'),(122,126,4,0,NULL,'2018-07-08 21:23:08','2018-07-08 21:26:04',0,NULL,'d605303943b07a22e390'),(123,127,5,1,NULL,'2018-07-08 21:29:24','2018-07-08 21:30:41',0,NULL,'4b4a1f66a4977f5c4501'),(124,128,4,1,NULL,'2018-07-08 21:46:02','2018-07-08 21:47:09',1,'cart','788a26e1817898f1be86'),(125,129,5,1,NULL,'2018-07-08 22:01:44','2018-07-08 22:07:16',1,'cart','0eee968084f171feef45'),(126,130,3,1,'{\"cash\"=>\"15-9\", \"cart\"=>\"3\", \"cheque\"=>\"0\", \"tkresto\"=>\"7\", \"others\"=>\"0\", \"controller\"=>\"orders\", \"action\"=>\"multiPayOk\", \"id\"=>\"126\"}','2018-07-09 19:45:48','2018-07-09 19:59:42',1,'cart','2dcfc613376867d9cb57'),(127,131,3,1,NULL,'2018-07-09 20:22:17','2018-07-09 20:49:13',1,'cart','1be76dc6f2c62117a32c'),(128,132,5,1,NULL,'2018-07-09 21:03:35','2018-07-09 21:05:07',1,'cart','bdd8953db0cde207f603'),(129,133,5,1,NULL,'2018-07-09 21:07:22','2018-07-09 21:08:13',1,'cart','25caad95b3422500e967'),(130,134,5,1,NULL,'2018-07-09 21:11:32','2018-07-09 21:35:28',1,'cart','a430d74914768a7a145f'),(131,135,4,1,NULL,'2018-07-09 21:37:22','2018-07-09 21:38:11',1,'cart','d6a3f89cbb16f0476e7b'),(132,136,4,1,NULL,'2018-07-09 21:39:28','2018-07-09 21:40:05',1,'cart','5d2711c137ed19ce5429'),(133,137,4,1,'{\"cash\"=>\"2\", \"cart\"=>\"40\", \"cheque\"=>\"0\", \"tkresto\"=>\"2\", \"others\"=>\"0\", \"controller\"=>\"orders\", \"action\"=>\"multiPayOk\", \"id\"=>\"133\"}','2018-07-11 17:06:02','2018-07-11 17:59:16',1,'multiPay','90c33106712bc3572cd5'),(134,138,2,1,'{\"cash\"=>\"112-01\", \"cart\"=>\"32\", \"cheque\"=>\"0\", \"tkresto\"=>\"85\", \"others\"=>\"0\", \"controller\"=>\"orders\", \"action\"=>\"multiPayOk\", \"id\"=>\"134\"}','2018-07-11 18:02:47','2018-07-11 18:10:09',1,'multiPay','53b9adf9a88250e98861'),(135,139,9,0,NULL,'2018-07-11 18:21:29','2018-07-16 19:52:33',0,NULL,'037e5556dc4a0bd3b938'),(136,140,5,1,'{\"cash\"=>\"12\", \"cart\"=>\"0\", \"cheque\"=>\"0\", \"tkresto\"=>\"0\", \"others\"=>\"0\", \"controller\"=>\"orders\", \"action\"=>\"multiPayOk\", \"id\"=>\"136\"}','2018-07-16 19:53:52','2018-07-19 20:34:47',1,'multiPay','18071758'),(137,141,6,1,'{\"cash\"=>\"5-7\", \"cart\"=>\"0\", \"cheque\"=>\"23\", \"tkresto\"=>\"0\", \"others\"=>\"0\", \"controller\"=>\"orders\", \"action\"=>\"multiPayOk\", \"id\"=>\"137\"}','2018-07-19 20:46:46','2018-07-19 20:48:23',1,'multiPay','180719c0'),(138,142,4,1,NULL,'2018-07-19 20:57:06','2018-07-19 21:13:21',1,'cash','18071926'),(139,143,5,1,'{\"cash\"=>\"13-7\", \"cart\"=>\"20-3\", \"cheque\"=>\"0\", \"tkresto\"=>\"0\", \"others\"=>\"0\", \"controller\"=>\"orders\", \"action\"=>\"multiPayOk\", \"id\"=>\"139\"}','2018-07-22 19:05:35','2018-07-22 20:14:13',1,'multiPay','1807222e'),(140,144,5,1,'{\"cash\"=>\"30\", \"cart\"=>\"2\", \"cheque\"=>\"0-7\", \"tkresto\"=>\"0\", \"others\"=>\"0\", \"controller\"=>\"orders\", \"action\"=>\"multiPayOk\", \"id\"=>\"140\"}','2018-07-22 20:48:18','2018-07-22 21:00:42',1,'multiPay','18072200'),(141,145,2,1,NULL,'2018-07-22 21:05:24','2018-07-22 21:13:30',1,'ticket','180722d0'),(142,146,3,1,'{\"cash\"=>\"15\", \"cart\"=>\"22-91\", \"cheque\"=>\"0\", \"tkresto\"=>\"0\", \"others\"=>\"0\", \"controller\"=>\"orders\", \"action\"=>\"multiPayOk\", \"id\"=>\"142\"}','2018-07-22 21:29:54','2018-07-22 21:41:06',1,'multiPay','1807226f'),(143,147,3,0,NULL,'2018-08-02 20:35:18','2018-09-09 20:53:45',0,NULL,'18090859'),(144,148,6,1,'{\"cash\"=>\"15\", \"cart\"=>\"21-6\", \"cheque\"=>\"0\", \"tkresto\"=>\"0\", \"others\"=>\"0\", \"controller\"=>\"orders\", \"action\"=>\"multiPayOk\", \"id\"=>\"144\"}','2018-09-06 20:53:07','2018-09-06 21:27:36',1,'multiPay','18090605');
/*!40000 ALTER TABLE `orders` ENABLE KEYS */;
UNLOCK TABLES;

--
-- Table structure for table `schema_migrations`
--

DROP TABLE IF EXISTS `schema_migrations`;
/*!40101 SET @saved_cs_client     = @@character_set_client */;
/*!40101 SET character_set_client = utf8 */;
CREATE TABLE `schema_migrations` (
  `version` varchar(255) NOT NULL,
  PRIMARY KEY (`version`)
) ENGINE=InnoDB DEFAULT CHARSET=utf8;
/*!40101 SET character_set_client = @saved_cs_client */;

--
-- Dumping data for table `schema_migrations`
--

LOCK TABLES `schema_migrations` WRITE;
/*!40000 ALTER TABLE `schema_migrations` DISABLE KEYS */;
INSERT INTO `schema_migrations` VALUES ('20171220212727'),('20171220213534'),('20171221215157'),('20171223210446'),('20171223210535'),('20171223214935'),('20171226092613'),('20171226093934'),('20180110201531'),('20180110202345'),('20180411210248'),('20180530205533'),('20180530210504'),('20180530215210'),('20180606194834'),('20180626211046'),('20180626214104'),('20180702220523');
/*!40000 ALTER TABLE `schema_migrations` ENABLE KEYS */;
UNLOCK TABLES;

--
-- Table structure for table `users`
--

DROP TABLE IF EXISTS `users`;
/*!40101 SET @saved_cs_client     = @@character_set_client */;
/*!40101 SET character_set_client = utf8 */;
CREATE TABLE `users` (
  `id` bigint(20) NOT NULL AUTO_INCREMENT,
  `created_at` datetime NOT NULL,
  `updated_at` datetime NOT NULL,
  `email` varchar(255) NOT NULL DEFAULT '',
  `login` varchar(255) DEFAULT NULL,
  `encrypted_password` varchar(255) NOT NULL DEFAULT '',
  `reset_password_token` varchar(255) DEFAULT NULL,
  `reset_password_sent_at` datetime DEFAULT NULL,
  `remember_created_at` datetime DEFAULT NULL,
  `sign_in_count` int(11) NOT NULL DEFAULT '0',
  `current_sign_in_at` datetime DEFAULT NULL,
  `last_sign_in_at` datetime DEFAULT NULL,
  `current_sign_in_ip` varchar(255) DEFAULT NULL,
  `last_sign_in_ip` varchar(255) DEFAULT NULL,
  PRIMARY KEY (`id`),
  UNIQUE KEY `index_users_on_email` (`email`),
  UNIQUE KEY `index_users_on_reset_password_token` (`reset_password_token`)
) ENGINE=InnoDB AUTO_INCREMENT=3 DEFAULT CHARSET=utf8;
/*!40101 SET character_set_client = @saved_cs_client */;

--
-- Dumping data for table `users`
--

LOCK TABLES `users` WRITE;
/*!40000 ALTER TABLE `users` DISABLE KEYS */;
INSERT INTO `users` VALUES (1,'2017-12-24 16:50:54','2018-09-17 20:16:51','test@gaiml.com','test','$2a$11$aa2V2wd5Lk.3wsC1Xgb0pusLZvGvPSeGmN4jpH24Sr7ShJYDyGITi',NULL,NULL,NULL,212,'2018-09-17 20:16:51','2018-09-09 20:50:37','127.0.0.1','127.0.0.1'),(2,'2018-05-31 21:34:35','2018-09-03 21:02:43','nzhang@gmail.com','admin','$2a$11$0PEbUbZ3AmneHCD09GiiC.0SkL4OldlFKwSQOA9i6WHQo.ujhm.w6',NULL,NULL,NULL,3,'2018-09-03 21:02:43','2018-06-02 12:16:56','80.214.216.58','172.20.10.2');
/*!40000 ALTER TABLE `users` ENABLE KEYS */;
UNLOCK TABLES;
/*!40103 SET TIME_ZONE=@OLD_TIME_ZONE */;

/*!40101 SET SQL_MODE=@OLD_SQL_MODE */;
/*!40014 SET FOREIGN_KEY_CHECKS=@OLD_FOREIGN_KEY_CHECKS */;
/*!40014 SET UNIQUE_CHECKS=@OLD_UNIQUE_CHECKS */;
/*!40101 SET CHARACTER_SET_CLIENT=@OLD_CHARACTER_SET_CLIENT */;
/*!40101 SET CHARACTER_SET_RESULTS=@OLD_CHARACTER_SET_RESULTS */;
/*!40101 SET COLLATION_CONNECTION=@OLD_COLLATION_CONNECTION */;
/*!40111 SET SQL_NOTES=@OLD_SQL_NOTES */;

-- Dump completed on 2018-10-18 21:32:49
